1,???,100001,676
2,???,100002,676
3,???,100003,676
4,???,100004,676
5,???,100005,676
6,???,100006,676
7,???,100007,676
8,???,100008,676
9,???,100009,676
10,???,100010,676
11,???,100011,676
12,???,100012,676
13,???,100013,676
14,???,100014,676
15,???,100015,676
16,???,100016,676
17,???,100017,676
18,???,100018,676
19,???,100019,676
20,???,100020,676
21,???,100021,676
22,???,100022,676
23,???,100023,676
24,???,100024,676
25,???,100025,676
26,???,100026,676
27,???,100027,676
28,???,100028,676
29,???,100029,676
30,???,100030,676
31,???,100031,676
32,???,100032,676
33,???,100033,676
34,???,100034,676
35,???,100035,676
36,???,100036,676
37,???,100037,676
38,???,100038,676
39,???,100039,676
40,???,100040,676
41,???,100041,676
42,???,100042,676
43,???,100043,676
44,???,100044,676
45,???,100045,676
46,???,100046,676
47,???,100047,676
48,???,100048,676
49,???,100049,676
50,???,100050,676
51,???,100051,676
52,???,100052,676
53,???,100053,676
54,???,100054,676
55,???,100055,676
56,???,100056,676
57,???,100057,676
58,???,100058,676
59,???,100059,676
60,???,100060,676
61,???,100061,676
62,???,100062,676
63,???,100063,676
64,???,100064,676
65,???,100065,676
66,???,100066,676
67,???,100067,676
68,???,100068,676
69,???,100069,676
70,???,100070,676
71,???,100071,676
72,???,100072,676
73,???,100073,676
74,???,100074,676
75,???,100075,676
76,???,100076,676
77,???,100077,676
78,???,100078,676
79,???,100079,676
80,???,100080,676
81,???,100081,676
82,???,100082,676
83,???,100083,676
84,???,100084,676
85,???,100085,676
86,???,100086,676
87,???,100087,676
88,???,100088,676
89,???,100089,676
90,???,100090,676
91,???,100091,676
92,???,100092,676
93,???,100093,676
94,???,100094,676
95,???,100095,676
96,???,100096,676
97,???,100097,676
98,???,100098,676
99,???,100099,676
100,???,100100,676
101,???,100101,676
102,???,100102,676
103,???,100103,676
104,???,100104,676
105,???,100105,676
106,???,100106,676
107,???,100107,676
108,???,100108,676
109,???,100109,676
110,???,100110,676
111,???,100111,676
112,???,100112,676
113,???,100113,676
114,???,100114,676
115,???,100115,676
116,???,100116,676
117,???,100117,676
118,???,100118,676
119,???,100119,676
120,???,100120,676
121,???,100121,676
122,???,100122,676
123,???,100123,676
124,???,100124,676
125,???,100125,676
126,???,100126,676
127,???,100127,676
128,???,100128,676
129,???,100129,676
130,???,100130,676
131,???,100131,676
132,???,100132,676
133,???,100133,676
134,???,100134,676
135,???,100135,676
136,???,100136,676
137,???,100137,676
138,???,100138,676
139,???,100139,676
140,???,100140,676
141,???,100141,676
142,???,100142,676
143,???,100143,676
144,???,100144,676
145,???,100145,676
146,???,100146,676
147,???,100147,676
148,???,100148,676
149,???,100149,676
150,???,100150,676
151,???,100151,676
152,???,100152,676
153,???,100153,676
154,???,100154,676
155,???,100155,676
156,???,100156,676
157,???,100157,676
158,???,100158,676
159,???,100159,676
160,???,100160,676
161,???,100161,676
162,???,100162,676
163,???,100163,676
164,???,100164,676
165,???,100165,676
166,???,100166,676
167,???,100167,676
168,???,100168,676
169,???,100169,676
170,???,100170,676
171,???,100171,676
172,???,100172,676
173,???,100173,676
174,???,100174,676
175,???,100175,676
176,???,100176,676
177,???,100177,676
178,???,100178,676
179,???,100179,676
180,???,100180,676
181,???,100181,676
182,???,100182,676
183,???,100183,676
184,???,100184,676
185,???,100185,676
186,???,100186,676
187,???,100187,676
188,???,100188,676
189,???,100189,676
190,???,100190,676
191,???,100191,676
192,???,100192,676
193,???,100193,676
194,???,100194,676
195,???,100195,676
196,???,100196,676
197,???,100197,676
198,???,100198,676
199,???,100199,676
200,???,100200,676
201,???,100201,676
202,???,100202,676
203,???,100203,676
204,???,100204,676
205,???,100205,676
206,???,100206,676
207,???,100207,676
208,???,100208,676
209,???,100209,676
210,???,100210,676
211,???,100211,676
212,???,100212,676
213,???,100213,676
214,???,100214,676
215,???,100215,676
216,???,100216,676
217,???,100217,676
218,???,100218,676
219,???,100219,676
220,???,100220,676
221,???,100221,676
222,???,100222,676
223,???,100223,676
224,???,100224,676
225,???,100225,676
226,???,100226,676
227,???,100227,676
228,???,100228,676
229,???,100229,676
230,???,100230,676
231,???,100231,676
232,???,100232,676
233,???,100233,676
234,???,100234,676
235,???,100235,676
236,???,100236,676
237,???,100237,676
238,???,100238,676
239,???,100239,676
240,???,100240,676
241,???,100241,676
242,???,100242,676
243,???,100243,676
244,???,100244,676
245,???,100245,676
246,???,100246,676
247,???,100247,676
248,???,100248,676
249,???,100249,676
250,???,100250,676
251,???,100251,676
252,???,100252,676
253,???,100253,676
254,???,100254,676
255,???,100255,676
256,???,100256,676
257,???,100257,676
258,???,100258,676
259,???,100259,676
260,???,100260,676
261,???,100261,676
262,???,100262,676
263,???,100263,676
264,???,100264,676
265,???,100265,676
266,???,100266,676
267,???,100267,676
268,???,100268,676
269,???,100269,676
270,???,100270,676
271,???,100271,676
272,???,100272,676
273,???,100273,676
274,???,100274,676
275,???,100275,676
276,???,100276,676
277,???,100277,676
278,???,100278,676
279,???,100279,676
280,???,100280,676
281,???,100281,676
282,???,100282,676
283,???,100283,676
284,???,100284,676
285,???,100285,676
286,???,100286,676
287,???,100287,676
288,???,100288,676
289,???,100289,676
290,???,100290,676
291,???,100291,676
292,???,100292,676
293,???,100293,676
294,???,100294,676
295,???,100295,676
296,???,100296,676
297,???,100297,676
298,???,100298,676
299,???,100299,676
300,???,100300,676
301,???,100301,676
302,???,100302,676
303,???,100303,676
304,???,100304,676
305,???,100305,676
306,???,100306,676
307,???,100307,676
308,???,100308,676
309,???,100309,676
310,???,100310,676
311,???,100311,676
312,???,100312,676
313,???,100313,676
314,???,100314,676
315,???,100315,676
316,???,100316,676
317,???,100317,676
318,???,100318,676
319,???,100319,676
320,???,100320,676
321,???,100321,676
322,???,100322,676
323,???,100323,676
324,???,100324,676
325,???,100325,676
326,???,100326,676
327,???,100327,676
328,???,100328,676
329,???,100329,676
330,???,100330,676
331,???,100331,676
332,???,100332,676
333,???,100333,676
334,???,100334,676
335,???,100335,676
336,???,100336,676
337,???,100337,676
338,???,100338,676
339,???,100339,676
340,???,100340,676
341,???,100341,676
342,???,100342,676
343,???,100343,676
344,???,100344,676
345,???,100345,676
346,???,100346,676
347,???,100347,676
348,???,100348,676
349,???,100349,676
350,???,100350,676
351,???,100351,676
352,???,100352,676
353,???,100353,676
354,???,100354,676
355,???,100355,676
356,???,100356,676
357,???,100357,676
358,???,100358,676
359,???,100359,676
360,???,100360,676
361,???,100361,676
362,???,100362,676
363,???,100363,676
364,???,100364,676
365,???,100365,676
366,???,100366,676
367,???,100367,676
368,???,100368,676
369,???,100369,676
370,???,100370,676
371,???,100371,676
372,???,100372,676
373,???,100373,676
374,???,100374,676
375,???,100375,676
376,???,100376,676
377,???,100377,676
378,???,100378,676
379,???,100379,676
380,???,100380,676
381,???,100381,676
382,???,100382,676
383,???,100383,676
384,???,100384,676
385,???,100385,676
386,???,100386,676
387,???,100387,676
388,???,100388,676
389,???,100389,676
390,???,100390,676
391,???,100391,676
392,???,100392,676
393,???,100393,676
394,???,100394,676
395,???,100395,676
396,???,100396,676
397,???,100397,676
398,???,100398,676
399,???,100399,676
400,???,100400,676
401,???,100401,676
402,???,100402,676
403,???,100403,676
404,???,100404,676
405,???,100405,676
406,???,100406,676
407,???,100407,676
408,???,100408,676
409,???,100409,676
410,???,100410,676
411,???,100411,676
412,???,100412,676
413,???,100413,676
414,???,100414,676
415,???,100415,676
416,???,100416,676
417,???,100417,676
418,???,100418,676
419,???,100419,676
420,???,100420,676
421,???,100421,676
422,???,100422,676
423,???,100423,676
424,???,100424,676
425,???,100425,676
426,???,100426,676
427,???,100427,676
428,???,100428,676
429,???,100429,676
430,???,100430,676
431,???,100431,676
432,???,100432,676
433,???,100433,676
434,???,100434,676
435,???,100435,676
436,???,100436,676
437,???,100437,676
438,???,100438,676
439,???,100439,676
440,???,100440,676
441,???,100441,676
442,???,100442,676
443,???,100443,676
444,???,100444,676
445,???,100445,676
446,???,100446,676
447,???,100447,676
448,???,100448,676
449,???,100449,676
450,???,100450,676
451,???,100451,676
452,???,100452,676
453,???,100453,676
454,???,100454,676
455,???,100455,676
456,???,100456,676
457,???,100457,676
458,???,100458,676
459,???,100459,676
460,???,100460,676
461,???,100461,676
462,???,100462,676
463,???,100463,676
464,???,100464,676
465,???,100465,676
466,???,100466,676
467,???,100467,676
468,???,100468,676
469,???,100469,676
470,???,100470,676
471,???,100471,676
472,???,100472,676
473,???,100473,676
474,???,100474,676
475,???,100475,676
476,???,100476,676
477,???,100477,676
478,???,100478,676
479,???,100479,676
480,???,100480,676
481,???,100481,676
482,???,100482,676
483,???,100483,676
484,???,100484,676
485,???,100485,676
486,???,100486,676
487,???,100487,676
488,???,100488,676
489,???,100489,676
490,???,100490,676
491,???,100491,676
492,???,100492,676
493,???,100493,676
494,???,100494,676
495,???,100495,676
496,???,100496,676
497,???,100497,676
498,???,100498,676
499,???,100499,676
500,???,100500,676
501,???,100501,676
502,???,100502,676
503,???,100503,676
504,???,100504,676
505,???,100505,676
506,???,100506,676
507,???,100507,676
508,???,100508,676
509,???,100509,676
510,???,100510,676
511,???,100511,676
512,???,100512,676
513,???,100513,676
514,???,100514,676
515,???,100515,676
516,???,100516,676
517,???,100517,676
518,???,100518,676
519,???,100519,676
520,???,100520,676
521,???,100521,676
522,???,100522,676
523,???,100523,676
524,???,100524,676
525,???,100525,676
526,???,100526,676
527,???,100527,676
528,???,100528,676
529,???,100529,676
530,???,100530,676
531,???,100531,676
532,???,100532,676
533,???,100533,676
534,???,100534,676
535,???,100535,676
536,???,100536,676
537,???,100537,676
538,???,100538,676
539,???,100539,676
540,???,100540,676
541,???,100541,676
542,???,100542,676
543,???,100543,676
544,???,100544,676
545,???,100545,676
546,???,100546,676
547,???,100547,676
548,???,100548,676
549,???,100549,676
550,???,100550,676
551,???,100551,676
552,???,100552,676
553,???,100553,676
554,???,100554,676
555,???,100555,676
556,???,100556,676
557,???,100557,676
558,???,100558,676
559,???,100559,676
560,???,100560,676
561,???,100561,676
562,???,100562,676
563,???,100563,676
564,???,100564,676
565,???,100565,676
566,???,100566,676
567,???,100567,676
568,???,100568,676
569,???,100569,676
570,???,100570,676
571,???,100571,676
572,???,100572,676
573,???,100573,676
574,???,100574,676
575,???,100575,676
576,???,100576,676
577,???,100577,676
578,???,100578,676
579,???,100579,676
580,???,100580,676
581,???,100581,676
582,???,100582,676
583,???,100583,676
584,???,100584,676
585,???,100585,676
586,???,100586,676
587,???,100587,676
588,???,100588,676
589,???,100589,676
590,???,100590,676
591,???,100591,676
592,???,100592,676
593,???,100593,676
594,???,100594,676
595,???,100595,676
596,???,100596,676
597,???,100597,676
598,???,100598,676
599,???,100599,676
600,???,100600,676
601,???,100601,676
602,???,100602,676
603,???,100603,676
604,???,100604,676
605,???,100605,676
606,???,100606,676
607,???,100607,676
608,???,100608,676
609,???,100609,676
610,???,100610,676
611,???,100611,676
612,???,100612,676
613,???,100613,676
614,???,100614,676
615,???,100615,676
616,???,100616,676
617,???,100617,676
618,???,100618,676
619,???,100619,676
620,???,100620,676
621,???,100621,676
622,???,100622,676
623,???,100623,676
624,???,100624,676
625,???,100625,676
626,???,100626,676
627,???,100627,676
628,???,100628,676
629,???,100629,676
630,???,100630,676
631,???,100631,676
632,???,100632,676
633,???,100633,676
634,???,100634,676
635,???,100635,676
636,???,100636,676
637,???,100637,676
638,???,100638,676
639,???,100639,676
640,???,100640,676
641,???,100641,676
642,???,100642,676
643,???,100643,676
644,???,100644,676
645,???,100645,676
646,???,100646,676
647,???,100647,676
648,???,100648,676
649,???,100649,676
650,???,100650,676
651,???,100651,676
652,???,100652,676
653,???,100653,676
654,???,100654,676
655,???,100655,676
656,???,100656,676
657,???,100657,676
658,???,100658,676
659,???,100659,676
660,???,100660,676
661,???,100661,676
662,???,100662,676
663,???,100663,676
664,???,100664,676
665,???,100665,676
666,???,100666,676
667,???,100667,676
668,???,100668,676
669,???,100669,676
670,???,100670,676
671,???,100671,676
672,???,100672,676
673,???,100673,676
674,???,100674,676
675,???,100675,676
676,???,100676,676
677,???,100677,676
678,???,100678,676
679,???,100679,676
680,???,100680,676
681,???,100681,676
682,???,100682,676
683,???,100683,676
684,???,100684,676
685,???,100685,676
686,???,100686,676
687,???,100687,676
688,???,100688,676
689,???,100689,676
690,???,100690,676
691,???,100691,676
692,???,100692,676
693,???,100693,676
694,???,100694,676
695,???,100695,676
696,???,100696,676
697,???,100697,676
698,???,100698,676
699,???,100699,676
700,???,100700,676
701,???,100701,676
702,???,100702,676
703,???,100703,676
704,???,100704,676
705,???,100705,676
706,???,100706,676
707,???,100707,676
708,???,100708,676
709,???,100709,676
710,???,100710,676
711,???,100711,676
712,???,100712,676
713,???,100713,676
714,???,100714,676
715,???,100715,676
716,???,100716,676
717,???,100717,676
718,???,100718,676
719,???,100719,676
720,???,100720,676
721,???,100721,676
722,???,100722,676
723,???,100723,676
724,???,100724,676
725,???,100725,676
726,???,100726,676
727,???,100727,676
728,???,100728,676
729,???,100729,676
730,???,100730,676
731,???,100731,676
732,???,100732,676
733,???,100733,676
734,???,100734,676
735,???,100735,676
736,???,100736,676
737,???,100737,676
738,???,100738,676
739,???,100739,676
740,???,100740,676
741,???,100741,676
742,???,100742,676
743,???,100743,676
744,???,100744,676
745,???,100745,676
746,???,100746,676
747,???,100747,676
748,???,100748,676
749,???,100749,676
750,???,100750,676
751,???,100751,676
752,???,100752,676
753,???,100753,676
754,???,100754,676
755,???,100755,676
756,???,100756,676
757,???,100757,676
758,???,100758,676
759,???,100759,676
760,???,100760,676
761,???,100761,676
762,???,100762,676
763,???,100763,676
764,???,100764,676
765,???,100765,676
766,???,100766,676
767,???,100767,676
768,???,100768,676
769,???,100769,676
770,???,100770,676
771,???,100771,676
772,???,100772,676
773,???,100773,676
774,???,100774,676
775,???,100775,676
776,???,100776,676
777,???,100777,676
778,???,100778,676
779,???,100779,676
780,???,100780,676
781,???,100781,676
782,???,100782,676
783,???,100783,676
784,???,100784,676
785,???,100785,676
786,???,100786,676
787,???,100787,676
788,???,100788,676
789,???,100789,676
790,???,100790,676
791,???,100791,676
792,???,100792,676
793,???,100793,676
794,???,100794,676
795,???,100795,676
796,???,100796,676
797,???,100797,676
798,???,100798,676
799,???,100799,676
800,???,100800,676
801,???,100801,676
802,???,100802,676
803,???,100803,676
804,???,100804,676
805,???,100805,676
806,???,100806,676
807,???,100807,676
808,???,100808,676
809,???,100809,676
810,???,100810,676
811,???,100811,676
812,???,100812,676
813,???,100813,676
814,???,100814,676
815,???,100815,676
816,???,100816,676
817,???,100817,676
818,???,100818,676
819,???,100819,676
820,???,100820,676
821,???,100821,676
822,???,100822,676
823,???,100823,676
824,???,100824,676
825,???,100825,676
826,???,100826,676
827,???,100827,676
828,???,100828,676
829,???,100829,676
830,???,100830,676
831,???,100831,676
832,???,100832,676
833,???,100833,676
834,???,100834,676
835,???,100835,676
836,???,100836,676
837,???,100837,676
838,???,100838,676
839,???,100839,676
840,???,100840,676
841,???,100841,676
842,???,100842,676
843,???,100843,676
844,???,100844,676
845,???,100845,676
846,???,100846,676
847,???,100847,676
848,???,100848,676
849,???,100849,676
850,???,100850,676
851,???,100851,676
852,???,100852,676
853,???,100853,676
854,???,100854,676
855,???,100855,676
856,???,100856,676
857,???,100857,676
858,???,100858,676
859,???,100859,676
860,???,100860,676
861,???,100861,676
862,???,100862,676
863,???,100863,676
864,???,100864,676
865,???,100865,676
866,???,100866,676
867,???,100867,676
868,???,100868,676
869,???,100869,676
870,???,100870,676
871,???,100871,676
872,???,100872,676
873,???,100873,676
874,???,100874,676
875,???,100875,676
876,???,100876,676
877,???,100877,676
878,???,100878,676
879,???,100879,676
880,???,100880,676
881,???,100881,676
882,???,100882,676
883,???,100883,676
884,???,100884,676
885,???,100885,676
886,???,100886,676
887,???,100887,676
888,???,100888,676
889,???,100889,676
890,???,100890,676
891,???,100891,676
892,???,100892,676
893,???,100893,676
894,???,100894,676
895,???,100895,676
896,???,100896,676
897,???,100897,676
898,???,100898,676
899,???,100899,676
900,???,100900,676
901,???,100901,676
902,???,100902,676
903,???,100903,676
904,???,100904,676
905,???,100905,676
906,???,100906,676
907,???,100907,676
908,???,100908,676
909,???,100909,676
910,???,100910,676
911,???,100911,676
912,???,100912,676
913,???,100913,676
914,???,100914,676
915,???,100915,676
916,???,100916,676
917,???,100917,676
918,???,100918,676
919,???,100919,676
920,???,100920,676
921,???,100921,676
922,???,100922,676
923,???,100923,676
924,???,100924,676
925,???,100925,676
926,???,100926,676
927,???,100927,676
928,???,100928,676
929,???,100929,676
930,???,100930,676
931,???,100931,676
932,???,100932,676
933,???,100933,676
934,???,100934,676
935,???,100935,676
936,???,100936,676
937,???,100937,676
938,???,100938,676
939,???,100939,676
940,???,100940,676
941,???,100941,676
942,???,100942,676
943,???,100943,676
944,???,100944,676
945,???,100945,676
946,???,100946,676
947,???,100947,676
948,???,100948,676
949,???,100949,676
950,???,100950,676
951,???,100951,676
952,???,100952,676
953,???,100953,676
954,???,100954,676
955,???,100955,676
956,???,100956,676
957,???,100957,676
958,???,100958,676
959,???,100959,676
960,???,100960,676
961,???,100961,676
962,???,100962,676
963,???,100963,676
964,???,100964,676
965,???,100965,676
966,???,100966,676
967,???,100967,676
968,???,100968,676
969,???,100969,676
970,???,100970,676
971,???,100971,676
972,???,100972,676
973,???,100973,676
974,???,100974,676
975,???,100975,676
976,???,100976,676
977,???,100977,676
978,???,100978,676
979,???,100979,676
980,???,100980,676
981,???,100981,676
982,???,100982,676
983,???,100983,676
984,???,100984,676
985,???,100985,676
986,???,100986,676
987,???,100987,676
988,???,100988,676
989,???,100989,676
990,???,100990,676
991,???,100991,676
992,???,100992,676
993,???,100993,676
994,???,100994,676
995,???,100995,676
996,???,100996,676
997,???,100997,676
998,???,100998,676
999,???,100999,676
1000,???,101000,676
