creation,available,conclusion,state,title,questNum
2020-02-10 11:23,2050-02-10 11:23,2050-07-10 11:23,ENROLL,Jmeter Tournament1,7
2020-02-10 11:23,2050-02-10 11:23,2050-07-10 11:23,ENROLL,Jmeter Tournament2,39
2020-02-10 11:23,2050-02-10 11:23,2050-07-10 11:23,ENROLL,Jmeter Tournament3,11
2020-02-10 11:23,2050-02-10 11:23,2050-07-10 11:23,ENROLL,Jmeter Tournament4,46
2020-02-10 11:23,2050-02-10 11:23,2050-07-10 11:23,ENROLL,Jmeter Tournament5,41
2020-02-10 11:23,2050-02-10 11:23,2050-07-10 11:23,ENROLL,Jmeter Tournament6,28
2020-02-10 11:23,2050-02-10 11:23,2050-07-10 11:23,ENROLL,Jmeter Tournament7,33
2020-02-10 11:23,2050-02-10 11:23,2050-07-10 11:23,ENROLL,Jmeter Tournament8,34
2020-02-10 11:23,2050-02-10 11:23,2050-07-10 11:23,ENROLL,Jmeter Tournament9,37
2020-02-10 11:23,2050-02-10 11:23,2050-07-10 11:23,ENROLL,Jmeter Tournament10,30
2020-02-10 11:23,2050-02-10 11:23,2050-07-10 11:23,ENROLL,Jmeter Tournament11,26
2020-02-10 11:23,2050-02-10 11:23,2050-07-10 11:23,ENROLL,Jmeter Tournament12,20
2020-02-10 11:23,2050-02-10 11:23,2050-07-10 11:23,ENROLL,Jmeter Tournament13,16
2020-02-10 11:23,2050-02-10 11:23,2050-07-10 11:23,ENROLL,Jmeter Tournament14,25
2020-02-10 11:23,2050-02-10 11:23,2050-07-10 11:23,ENROLL,Jmeter Tournament15,29
2020-02-10 11:23,2050-02-10 11:23,2050-07-10 11:23,ENROLL,Jmeter Tournament16,9
2020-02-10 11:23,2050-02-10 11:23,2050-07-10 11:23,ENROLL,Jmeter Tournament17,39
2020-02-10 11:23,2050-02-10 11:23,2050-07-10 11:23,ENROLL,Jmeter Tournament18,42
2020-02-10 11:23,2050-02-10 11:23,2050-07-10 11:23,ENROLL,Jmeter Tournament19,12
2020-02-10 11:23,2050-02-10 11:23,2050-07-10 11:23,ENROLL,Jmeter Tournament20,21
2020-02-10 11:23,2050-02-10 11:23,2050-07-10 11:23,ENROLL,Jmeter Tournament21,25
2020-02-10 11:23,2050-02-10 11:23,2050-07-10 11:23,ENROLL,Jmeter Tournament22,50
2020-02-10 11:23,2050-02-10 11:23,2050-07-10 11:23,ENROLL,Jmeter Tournament23,4
2020-02-10 11:23,2050-02-10 11:23,2050-07-10 11:23,ENROLL,Jmeter Tournament24,18
2020-02-10 11:23,2050-02-10 11:23,2050-07-10 11:23,ENROLL,Jmeter Tournament25,31
2020-02-10 11:23,2050-02-10 11:23,2050-07-10 11:23,ENROLL,Jmeter Tournament26,10
2020-02-10 11:23,2050-02-10 11:23,2050-07-10 11:23,ENROLL,Jmeter Tournament27,10
2020-02-10 11:23,2050-02-10 11:23,2050-07-10 11:23,ENROLL,Jmeter Tournament28,2
2020-02-10 11:23,2050-02-10 11:23,2050-07-10 11:23,ENROLL,Jmeter Tournament29,37
2020-02-10 11:23,2050-02-10 11:23,2050-07-10 11:23,ENROLL,Jmeter Tournament30,37
2020-02-10 11:23,2050-02-10 11:23,2050-07-10 11:23,ENROLL,Jmeter Tournament31,13
2020-02-10 11:23,2050-02-10 11:23,2050-07-10 11:23,ENROLL,Jmeter Tournament32,32
2020-02-10 11:23,2050-02-10 11:23,2050-07-10 11:23,ENROLL,Jmeter Tournament33,10
2020-02-10 11:23,2050-02-10 11:23,2050-07-10 11:23,ENROLL,Jmeter Tournament34,39
2020-02-10 11:23,2050-02-10 11:23,2050-07-10 11:23,ENROLL,Jmeter Tournament35,46
2020-02-10 11:23,2050-02-10 11:23,2050-07-10 11:23,ENROLL,Jmeter Tournament36,49
2020-02-10 11:23,2050-02-10 11:23,2050-07-10 11:23,ENROLL,Jmeter Tournament37,9
2020-02-10 11:23,2050-02-10 11:23,2050-07-10 11:23,ENROLL,Jmeter Tournament38,37
2020-02-10 11:23,2050-02-10 11:23,2050-07-10 11:23,ENROLL,Jmeter Tournament39,11
2020-02-10 11:23,2050-02-10 11:23,2050-07-10 11:23,ENROLL,Jmeter Tournament40,48
2020-02-10 11:23,2050-02-10 11:23,2050-07-10 11:23,ENROLL,Jmeter Tournament41,29
2020-02-10 11:23,2050-02-10 11:23,2050-07-10 11:23,ENROLL,Jmeter Tournament42,37
2020-02-10 11:23,2050-02-10 11:23,2050-07-10 11:23,ENROLL,Jmeter Tournament43,12
2020-02-10 11:23,2050-02-10 11:23,2050-07-10 11:23,ENROLL,Jmeter Tournament44,42
2020-02-10 11:23,2050-02-10 11:23,2050-07-10 11:23,ENROLL,Jmeter Tournament45,34
2020-02-10 11:23,2050-02-10 11:23,2050-07-10 11:23,ENROLL,Jmeter Tournament46,33
2020-02-10 11:23,2050-02-10 11:23,2050-07-10 11:23,ENROLL,Jmeter Tournament47,48
2020-02-10 11:23,2050-02-10 11:23,2050-07-10 11:23,ENROLL,Jmeter Tournament48,25
2020-02-10 11:23,2050-02-10 11:23,2050-07-10 11:23,ENROLL,Jmeter Tournament49,21
2020-02-10 11:23,2050-02-10 11:23,2050-07-10 11:23,ENROLL,Jmeter Tournament50,4
2020-02-10 11:23,2050-02-10 11:23,2050-07-10 11:23,ENROLL,Jmeter Tournament51,26
2020-02-10 11:23,2050-02-10 11:23,2050-07-10 11:23,ENROLL,Jmeter Tournament52,12
2020-02-10 11:23,2050-02-10 11:23,2050-07-10 11:23,ENROLL,Jmeter Tournament53,33
2020-02-10 11:23,2050-02-10 11:23,2050-07-10 11:23,ENROLL,Jmeter Tournament54,35
2020-02-10 11:23,2050-02-10 11:23,2050-07-10 11:23,ENROLL,Jmeter Tournament55,40
2020-02-10 11:23,2050-02-10 11:23,2050-07-10 11:23,ENROLL,Jmeter Tournament56,27
2020-02-10 11:23,2050-02-10 11:23,2050-07-10 11:23,ENROLL,Jmeter Tournament57,43
2020-02-10 11:23,2050-02-10 11:23,2050-07-10 11:23,ENROLL,Jmeter Tournament58,18
2020-02-10 11:23,2050-02-10 11:23,2050-07-10 11:23,ENROLL,Jmeter Tournament59,40
2020-02-10 11:23,2050-02-10 11:23,2050-07-10 11:23,ENROLL,Jmeter Tournament60,25
2020-02-10 11:23,2050-02-10 11:23,2050-07-10 11:23,ENROLL,Jmeter Tournament61,8
2020-02-10 11:23,2050-02-10 11:23,2050-07-10 11:23,ENROLL,Jmeter Tournament62,20
2020-02-10 11:23,2050-02-10 11:23,2050-07-10 11:23,ENROLL,Jmeter Tournament63,6
2020-02-10 11:23,2050-02-10 11:23,2050-07-10 11:23,ENROLL,Jmeter Tournament64,23
2020-02-10 11:23,2050-02-10 11:23,2050-07-10 11:23,ENROLL,Jmeter Tournament65,50
2020-02-10 11:23,2050-02-10 11:23,2050-07-10 11:23,ENROLL,Jmeter Tournament66,14
2020-02-10 11:23,2050-02-10 11:23,2050-07-10 11:23,ENROLL,Jmeter Tournament67,35
2020-02-10 11:23,2050-02-10 11:23,2050-07-10 11:23,ENROLL,Jmeter Tournament68,1
2020-02-10 11:23,2050-02-10 11:23,2050-07-10 11:23,ENROLL,Jmeter Tournament69,40
2020-02-10 11:23,2050-02-10 11:23,2050-07-10 11:23,ENROLL,Jmeter Tournament70,45
2020-02-10 11:23,2050-02-10 11:23,2050-07-10 11:23,ENROLL,Jmeter Tournament71,30
2020-02-10 11:23,2050-02-10 11:23,2050-07-10 11:23,ENROLL,Jmeter Tournament72,26
2020-02-10 11:23,2050-02-10 11:23,2050-07-10 11:23,ENROLL,Jmeter Tournament73,48
2020-02-10 11:23,2050-02-10 11:23,2050-07-10 11:23,ENROLL,Jmeter Tournament74,22
2020-02-10 11:23,2050-02-10 11:23,2050-07-10 11:23,ENROLL,Jmeter Tournament75,48
2020-02-10 11:23,2050-02-10 11:23,2050-07-10 11:23,ENROLL,Jmeter Tournament76,41
2020-02-10 11:23,2050-02-10 11:23,2050-07-10 11:23,ENROLL,Jmeter Tournament77,39
2020-02-10 11:23,2050-02-10 11:23,2050-07-10 11:23,ENROLL,Jmeter Tournament78,14
2020-02-10 11:23,2050-02-10 11:23,2050-07-10 11:23,ENROLL,Jmeter Tournament79,43
2020-02-10 11:23,2050-02-10 11:23,2050-07-10 11:23,ENROLL,Jmeter Tournament80,11
2020-02-10 11:23,2050-02-10 11:23,2050-07-10 11:23,ENROLL,Jmeter Tournament81,17
2020-02-10 11:23,2050-02-10 11:23,2050-07-10 11:23,ENROLL,Jmeter Tournament82,13
2020-02-10 11:23,2050-02-10 11:23,2050-07-10 11:23,ENROLL,Jmeter Tournament83,36
2020-02-10 11:23,2050-02-10 11:23,2050-07-10 11:23,ENROLL,Jmeter Tournament84,3
2020-02-10 11:23,2050-02-10 11:23,2050-07-10 11:23,ENROLL,Jmeter Tournament85,4
2020-02-10 11:23,2050-02-10 11:23,2050-07-10 11:23,ENROLL,Jmeter Tournament86,42
2020-02-10 11:23,2050-02-10 11:23,2050-07-10 11:23,ENROLL,Jmeter Tournament87,20
2020-02-10 11:23,2050-02-10 11:23,2050-07-10 11:23,ENROLL,Jmeter Tournament88,5
2020-02-10 11:23,2050-02-10 11:23,2050-07-10 11:23,ENROLL,Jmeter Tournament89,5
2020-02-10 11:23,2050-02-10 11:23,2050-07-10 11:23,ENROLL,Jmeter Tournament90,19
2020-02-10 11:23,2050-02-10 11:23,2050-07-10 11:23,ENROLL,Jmeter Tournament91,42
2020-02-10 11:23,2050-02-10 11:23,2050-07-10 11:23,ENROLL,Jmeter Tournament92,19
2020-02-10 11:23,2050-02-10 11:23,2050-07-10 11:23,ENROLL,Jmeter Tournament93,23
2020-02-10 11:23,2050-02-10 11:23,2050-07-10 11:23,ENROLL,Jmeter Tournament94,21
2020-02-10 11:23,2050-02-10 11:23,2050-07-10 11:23,ENROLL,Jmeter Tournament95,3
2020-02-10 11:23,2050-02-10 11:23,2050-07-10 11:23,ENROLL,Jmeter Tournament96,8
2020-02-10 11:23,2050-02-10 11:23,2050-07-10 11:23,ENROLL,Jmeter Tournament97,6
2020-02-10 11:23,2050-02-10 11:23,2050-07-10 11:23,ENROLL,Jmeter Tournament98,40
2020-02-10 11:23,2050-02-10 11:23,2050-07-10 11:23,ENROLL,Jmeter Tournament99,30
2020-02-10 11:23,2050-02-10 11:23,2050-07-10 11:23,ENROLL,Jmeter Tournament100,32
2020-02-10 11:23,2050-02-10 11:23,2050-07-10 11:23,ENROLL,Jmeter Tournament101,13
2020-02-10 11:23,2050-02-10 11:23,2050-07-10 11:23,ENROLL,Jmeter Tournament102,16
2020-02-10 11:23,2050-02-10 11:23,2050-07-10 11:23,ENROLL,Jmeter Tournament103,49
2020-02-10 11:23,2050-02-10 11:23,2050-07-10 11:23,ENROLL,Jmeter Tournament104,24
2020-02-10 11:23,2050-02-10 11:23,2050-07-10 11:23,ENROLL,Jmeter Tournament105,10
2020-02-10 11:23,2050-02-10 11:23,2050-07-10 11:23,ENROLL,Jmeter Tournament106,40
2020-02-10 11:23,2050-02-10 11:23,2050-07-10 11:23,ENROLL,Jmeter Tournament107,7
2020-02-10 11:23,2050-02-10 11:23,2050-07-10 11:23,ENROLL,Jmeter Tournament108,2
2020-02-10 11:23,2050-02-10 11:23,2050-07-10 11:23,ENROLL,Jmeter Tournament109,36
2020-02-10 11:23,2050-02-10 11:23,2050-07-10 11:23,ENROLL,Jmeter Tournament110,31
2020-02-10 11:23,2050-02-10 11:23,2050-07-10 11:23,ENROLL,Jmeter Tournament111,10
2020-02-10 11:23,2050-02-10 11:23,2050-07-10 11:23,ENROLL,Jmeter Tournament112,44
2020-02-10 11:23,2050-02-10 11:23,2050-07-10 11:23,ENROLL,Jmeter Tournament113,33
2020-02-10 11:23,2050-02-10 11:23,2050-07-10 11:23,ENROLL,Jmeter Tournament114,27
2020-02-10 11:23,2050-02-10 11:23,2050-07-10 11:23,ENROLL,Jmeter Tournament115,1
2020-02-10 11:23,2050-02-10 11:23,2050-07-10 11:23,ENROLL,Jmeter Tournament116,20
2020-02-10 11:23,2050-02-10 11:23,2050-07-10 11:23,ENROLL,Jmeter Tournament117,22
2020-02-10 11:23,2050-02-10 11:23,2050-07-10 11:23,ENROLL,Jmeter Tournament118,9
2020-02-10 11:23,2050-02-10 11:23,2050-07-10 11:23,ENROLL,Jmeter Tournament119,3
2020-02-10 11:23,2050-02-10 11:23,2050-07-10 11:23,ENROLL,Jmeter Tournament120,30
2020-02-10 11:23,2050-02-10 11:23,2050-07-10 11:23,ENROLL,Jmeter Tournament121,2
2020-02-10 11:23,2050-02-10 11:23,2050-07-10 11:23,ENROLL,Jmeter Tournament122,35
2020-02-10 11:23,2050-02-10 11:23,2050-07-10 11:23,ENROLL,Jmeter Tournament123,22
2020-02-10 11:23,2050-02-10 11:23,2050-07-10 11:23,ENROLL,Jmeter Tournament124,1
2020-02-10 11:23,2050-02-10 11:23,2050-07-10 11:23,ENROLL,Jmeter Tournament125,11
2020-02-10 11:23,2050-02-10 11:23,2050-07-10 11:23,ENROLL,Jmeter Tournament126,31
2020-02-10 11:23,2050-02-10 11:23,2050-07-10 11:23,ENROLL,Jmeter Tournament127,11
2020-02-10 11:23,2050-02-10 11:23,2050-07-10 11:23,ENROLL,Jmeter Tournament128,3
2020-02-10 11:23,2050-02-10 11:23,2050-07-10 11:23,ENROLL,Jmeter Tournament129,12
2020-02-10 11:23,2050-02-10 11:23,2050-07-10 11:23,ENROLL,Jmeter Tournament130,18
2020-02-10 11:23,2050-02-10 11:23,2050-07-10 11:23,ENROLL,Jmeter Tournament131,4
2020-02-10 11:23,2050-02-10 11:23,2050-07-10 11:23,ENROLL,Jmeter Tournament132,1
2020-02-10 11:23,2050-02-10 11:23,2050-07-10 11:23,ENROLL,Jmeter Tournament133,18
2020-02-10 11:23,2050-02-10 11:23,2050-07-10 11:23,ENROLL,Jmeter Tournament134,30
2020-02-10 11:23,2050-02-10 11:23,2050-07-10 11:23,ENROLL,Jmeter Tournament135,3
2020-02-10 11:23,2050-02-10 11:23,2050-07-10 11:23,ENROLL,Jmeter Tournament136,29
2020-02-10 11:23,2050-02-10 11:23,2050-07-10 11:23,ENROLL,Jmeter Tournament137,41
2020-02-10 11:23,2050-02-10 11:23,2050-07-10 11:23,ENROLL,Jmeter Tournament138,8
2020-02-10 11:23,2050-02-10 11:23,2050-07-10 11:23,ENROLL,Jmeter Tournament139,21
2020-02-10 11:23,2050-02-10 11:23,2050-07-10 11:23,ENROLL,Jmeter Tournament140,2
2020-02-10 11:23,2050-02-10 11:23,2050-07-10 11:23,ENROLL,Jmeter Tournament141,16
2020-02-10 11:23,2050-02-10 11:23,2050-07-10 11:23,ENROLL,Jmeter Tournament142,6
2020-02-10 11:23,2050-02-10 11:23,2050-07-10 11:23,ENROLL,Jmeter Tournament143,41
2020-02-10 11:23,2050-02-10 11:23,2050-07-10 11:23,ENROLL,Jmeter Tournament144,2
2020-02-10 11:23,2050-02-10 11:23,2050-07-10 11:23,ENROLL,Jmeter Tournament145,30
2020-02-10 11:23,2050-02-10 11:23,2050-07-10 11:23,ENROLL,Jmeter Tournament146,9
2020-02-10 11:23,2050-02-10 11:23,2050-07-10 11:23,ENROLL,Jmeter Tournament147,40
2020-02-10 11:23,2050-02-10 11:23,2050-07-10 11:23,ENROLL,Jmeter Tournament148,49
2020-02-10 11:23,2050-02-10 11:23,2050-07-10 11:23,ENROLL,Jmeter Tournament149,9
2020-02-10 11:23,2050-02-10 11:23,2050-07-10 11:23,ENROLL,Jmeter Tournament150,29
2020-02-10 11:23,2050-02-10 11:23,2050-07-10 11:23,ENROLL,Jmeter Tournament151,44
2020-02-10 11:23,2050-02-10 11:23,2050-07-10 11:23,ENROLL,Jmeter Tournament152,35
2020-02-10 11:23,2050-02-10 11:23,2050-07-10 11:23,ENROLL,Jmeter Tournament153,38
2020-02-10 11:23,2050-02-10 11:23,2050-07-10 11:23,ENROLL,Jmeter Tournament154,43
2020-02-10 11:23,2050-02-10 11:23,2050-07-10 11:23,ENROLL,Jmeter Tournament155,5
2020-02-10 11:23,2050-02-10 11:23,2050-07-10 11:23,ENROLL,Jmeter Tournament156,50
2020-02-10 11:23,2050-02-10 11:23,2050-07-10 11:23,ENROLL,Jmeter Tournament157,18
2020-02-10 11:23,2050-02-10 11:23,2050-07-10 11:23,ENROLL,Jmeter Tournament158,18
2020-02-10 11:23,2050-02-10 11:23,2050-07-10 11:23,ENROLL,Jmeter Tournament159,43
2020-02-10 11:23,2050-02-10 11:23,2050-07-10 11:23,ENROLL,Jmeter Tournament160,41
2020-02-10 11:23,2050-02-10 11:23,2050-07-10 11:23,ENROLL,Jmeter Tournament161,6
2020-02-10 11:23,2050-02-10 11:23,2050-07-10 11:23,ENROLL,Jmeter Tournament162,2
2020-02-10 11:23,2050-02-10 11:23,2050-07-10 11:23,ENROLL,Jmeter Tournament163,15
2020-02-10 11:23,2050-02-10 11:23,2050-07-10 11:23,ENROLL,Jmeter Tournament164,46
2020-02-10 11:23,2050-02-10 11:23,2050-07-10 11:23,ENROLL,Jmeter Tournament165,5
2020-02-10 11:23,2050-02-10 11:23,2050-07-10 11:23,ENROLL,Jmeter Tournament166,38
2020-02-10 11:23,2050-02-10 11:23,2050-07-10 11:23,ENROLL,Jmeter Tournament167,12
2020-02-10 11:23,2050-02-10 11:23,2050-07-10 11:23,ENROLL,Jmeter Tournament168,20
2020-02-10 11:23,2050-02-10 11:23,2050-07-10 11:23,ENROLL,Jmeter Tournament169,3
2020-02-10 11:23,2050-02-10 11:23,2050-07-10 11:23,ENROLL,Jmeter Tournament170,7
2020-02-10 11:23,2050-02-10 11:23,2050-07-10 11:23,ENROLL,Jmeter Tournament171,31
2020-02-10 11:23,2050-02-10 11:23,2050-07-10 11:23,ENROLL,Jmeter Tournament172,4
2020-02-10 11:23,2050-02-10 11:23,2050-07-10 11:23,ENROLL,Jmeter Tournament173,28
2020-02-10 11:23,2050-02-10 11:23,2050-07-10 11:23,ENROLL,Jmeter Tournament174,36
2020-02-10 11:23,2050-02-10 11:23,2050-07-10 11:23,ENROLL,Jmeter Tournament175,49
2020-02-10 11:23,2050-02-10 11:23,2050-07-10 11:23,ENROLL,Jmeter Tournament176,7
2020-02-10 11:23,2050-02-10 11:23,2050-07-10 11:23,ENROLL,Jmeter Tournament177,43
2020-02-10 11:23,2050-02-10 11:23,2050-07-10 11:23,ENROLL,Jmeter Tournament178,50
2020-02-10 11:23,2050-02-10 11:23,2050-07-10 11:23,ENROLL,Jmeter Tournament179,12
2020-02-10 11:23,2050-02-10 11:23,2050-07-10 11:23,ENROLL,Jmeter Tournament180,25
2020-02-10 11:23,2050-02-10 11:23,2050-07-10 11:23,ENROLL,Jmeter Tournament181,36
2020-02-10 11:23,2050-02-10 11:23,2050-07-10 11:23,ENROLL,Jmeter Tournament182,6
2020-02-10 11:23,2050-02-10 11:23,2050-07-10 11:23,ENROLL,Jmeter Tournament183,36
2020-02-10 11:23,2050-02-10 11:23,2050-07-10 11:23,ENROLL,Jmeter Tournament184,17
2020-02-10 11:23,2050-02-10 11:23,2050-07-10 11:23,ENROLL,Jmeter Tournament185,21
2020-02-10 11:23,2050-02-10 11:23,2050-07-10 11:23,ENROLL,Jmeter Tournament186,8
2020-02-10 11:23,2050-02-10 11:23,2050-07-10 11:23,ENROLL,Jmeter Tournament187,12
2020-02-10 11:23,2050-02-10 11:23,2050-07-10 11:23,ENROLL,Jmeter Tournament188,36
2020-02-10 11:23,2050-02-10 11:23,2050-07-10 11:23,ENROLL,Jmeter Tournament189,19
2020-02-10 11:23,2050-02-10 11:23,2050-07-10 11:23,ENROLL,Jmeter Tournament190,1
2020-02-10 11:23,2050-02-10 11:23,2050-07-10 11:23,ENROLL,Jmeter Tournament191,32
2020-02-10 11:23,2050-02-10 11:23,2050-07-10 11:23,ENROLL,Jmeter Tournament192,45
2020-02-10 11:23,2050-02-10 11:23,2050-07-10 11:23,ENROLL,Jmeter Tournament193,28
2020-02-10 11:23,2050-02-10 11:23,2050-07-10 11:23,ENROLL,Jmeter Tournament194,22
2020-02-10 11:23,2050-02-10 11:23,2050-07-10 11:23,ENROLL,Jmeter Tournament195,43
2020-02-10 11:23,2050-02-10 11:23,2050-07-10 11:23,ENROLL,Jmeter Tournament196,18
2020-02-10 11:23,2050-02-10 11:23,2050-07-10 11:23,ENROLL,Jmeter Tournament197,14
2020-02-10 11:23,2050-02-10 11:23,2050-07-10 11:23,ENROLL,Jmeter Tournament198,7
2020-02-10 11:23,2050-02-10 11:23,2050-07-10 11:23,ENROLL,Jmeter Tournament199,19
2020-02-10 11:23,2050-02-10 11:23,2050-07-10 11:23,ENROLL,Jmeter Tournament200,11
2020-02-10 11:23,2050-02-10 11:23,2050-07-10 11:23,ENROLL,Jmeter Tournament201,15
2020-02-10 11:23,2050-02-10 11:23,2050-07-10 11:23,ENROLL,Jmeter Tournament202,40
2020-02-10 11:23,2050-02-10 11:23,2050-07-10 11:23,ENROLL,Jmeter Tournament203,36
2020-02-10 11:23,2050-02-10 11:23,2050-07-10 11:23,ENROLL,Jmeter Tournament204,3
2020-02-10 11:23,2050-02-10 11:23,2050-07-10 11:23,ENROLL,Jmeter Tournament205,31
2020-02-10 11:23,2050-02-10 11:23,2050-07-10 11:23,ENROLL,Jmeter Tournament206,37
2020-02-10 11:23,2050-02-10 11:23,2050-07-10 11:23,ENROLL,Jmeter Tournament207,36
2020-02-10 11:23,2050-02-10 11:23,2050-07-10 11:23,ENROLL,Jmeter Tournament208,18
2020-02-10 11:23,2050-02-10 11:23,2050-07-10 11:23,ENROLL,Jmeter Tournament209,28
2020-02-10 11:23,2050-02-10 11:23,2050-07-10 11:23,ENROLL,Jmeter Tournament210,49
2020-02-10 11:23,2050-02-10 11:23,2050-07-10 11:23,ENROLL,Jmeter Tournament211,31
2020-02-10 11:23,2050-02-10 11:23,2050-07-10 11:23,ENROLL,Jmeter Tournament212,14
2020-02-10 11:23,2050-02-10 11:23,2050-07-10 11:23,ENROLL,Jmeter Tournament213,31
2020-02-10 11:23,2050-02-10 11:23,2050-07-10 11:23,ENROLL,Jmeter Tournament214,29
2020-02-10 11:23,2050-02-10 11:23,2050-07-10 11:23,ENROLL,Jmeter Tournament215,4
2020-02-10 11:23,2050-02-10 11:23,2050-07-10 11:23,ENROLL,Jmeter Tournament216,39
2020-02-10 11:23,2050-02-10 11:23,2050-07-10 11:23,ENROLL,Jmeter Tournament217,21
2020-02-10 11:23,2050-02-10 11:23,2050-07-10 11:23,ENROLL,Jmeter Tournament218,42
2020-02-10 11:23,2050-02-10 11:23,2050-07-10 11:23,ENROLL,Jmeter Tournament219,47
2020-02-10 11:23,2050-02-10 11:23,2050-07-10 11:23,ENROLL,Jmeter Tournament220,39
2020-02-10 11:23,2050-02-10 11:23,2050-07-10 11:23,ENROLL,Jmeter Tournament221,37
2020-02-10 11:23,2050-02-10 11:23,2050-07-10 11:23,ENROLL,Jmeter Tournament222,29
2020-02-10 11:23,2050-02-10 11:23,2050-07-10 11:23,ENROLL,Jmeter Tournament223,39
2020-02-10 11:23,2050-02-10 11:23,2050-07-10 11:23,ENROLL,Jmeter Tournament224,40
2020-02-10 11:23,2050-02-10 11:23,2050-07-10 11:23,ENROLL,Jmeter Tournament225,7
2020-02-10 11:23,2050-02-10 11:23,2050-07-10 11:23,ENROLL,Jmeter Tournament226,7
2020-02-10 11:23,2050-02-10 11:23,2050-07-10 11:23,ENROLL,Jmeter Tournament227,7
2020-02-10 11:23,2050-02-10 11:23,2050-07-10 11:23,ENROLL,Jmeter Tournament228,27
2020-02-10 11:23,2050-02-10 11:23,2050-07-10 11:23,ENROLL,Jmeter Tournament229,18
2020-02-10 11:23,2050-02-10 11:23,2050-07-10 11:23,ENROLL,Jmeter Tournament230,29
2020-02-10 11:23,2050-02-10 11:23,2050-07-10 11:23,ENROLL,Jmeter Tournament231,45
2020-02-10 11:23,2050-02-10 11:23,2050-07-10 11:23,ENROLL,Jmeter Tournament232,5
2020-02-10 11:23,2050-02-10 11:23,2050-07-10 11:23,ENROLL,Jmeter Tournament233,41
2020-02-10 11:23,2050-02-10 11:23,2050-07-10 11:23,ENROLL,Jmeter Tournament234,3
2020-02-10 11:23,2050-02-10 11:23,2050-07-10 11:23,ENROLL,Jmeter Tournament235,24
2020-02-10 11:23,2050-02-10 11:23,2050-07-10 11:23,ENROLL,Jmeter Tournament236,2
2020-02-10 11:23,2050-02-10 11:23,2050-07-10 11:23,ENROLL,Jmeter Tournament237,22
2020-02-10 11:23,2050-02-10 11:23,2050-07-10 11:23,ENROLL,Jmeter Tournament238,43
2020-02-10 11:23,2050-02-10 11:23,2050-07-10 11:23,ENROLL,Jmeter Tournament239,26
2020-02-10 11:23,2050-02-10 11:23,2050-07-10 11:23,ENROLL,Jmeter Tournament240,30
2020-02-10 11:23,2050-02-10 11:23,2050-07-10 11:23,ENROLL,Jmeter Tournament241,47
2020-02-10 11:23,2050-02-10 11:23,2050-07-10 11:23,ENROLL,Jmeter Tournament242,39
2020-02-10 11:23,2050-02-10 11:23,2050-07-10 11:23,ENROLL,Jmeter Tournament243,14
2020-02-10 11:23,2050-02-10 11:23,2050-07-10 11:23,ENROLL,Jmeter Tournament244,1
2020-02-10 11:23,2050-02-10 11:23,2050-07-10 11:23,ENROLL,Jmeter Tournament245,18
2020-02-10 11:23,2050-02-10 11:23,2050-07-10 11:23,ENROLL,Jmeter Tournament246,48
2020-02-10 11:23,2050-02-10 11:23,2050-07-10 11:23,ENROLL,Jmeter Tournament247,38
2020-02-10 11:23,2050-02-10 11:23,2050-07-10 11:23,ENROLL,Jmeter Tournament248,29
2020-02-10 11:23,2050-02-10 11:23,2050-07-10 11:23,ENROLL,Jmeter Tournament249,10
2020-02-10 11:23,2050-02-10 11:23,2050-07-10 11:23,ENROLL,Jmeter Tournament250,3
2020-02-10 11:23,2050-02-10 11:23,2050-07-10 11:23,ENROLL,Jmeter Tournament251,20
2020-02-10 11:23,2050-02-10 11:23,2050-07-10 11:23,ENROLL,Jmeter Tournament252,12
2020-02-10 11:23,2050-02-10 11:23,2050-07-10 11:23,ENROLL,Jmeter Tournament253,48
2020-02-10 11:23,2050-02-10 11:23,2050-07-10 11:23,ENROLL,Jmeter Tournament254,40
2020-02-10 11:23,2050-02-10 11:23,2050-07-10 11:23,ENROLL,Jmeter Tournament255,18
2020-02-10 11:23,2050-02-10 11:23,2050-07-10 11:23,ENROLL,Jmeter Tournament256,23
2020-02-10 11:23,2050-02-10 11:23,2050-07-10 11:23,ENROLL,Jmeter Tournament257,45
2020-02-10 11:23,2050-02-10 11:23,2050-07-10 11:23,ENROLL,Jmeter Tournament258,7
2020-02-10 11:23,2050-02-10 11:23,2050-07-10 11:23,ENROLL,Jmeter Tournament259,19
2020-02-10 11:23,2050-02-10 11:23,2050-07-10 11:23,ENROLL,Jmeter Tournament260,45
2020-02-10 11:23,2050-02-10 11:23,2050-07-10 11:23,ENROLL,Jmeter Tournament261,40
2020-02-10 11:23,2050-02-10 11:23,2050-07-10 11:23,ENROLL,Jmeter Tournament262,41
2020-02-10 11:23,2050-02-10 11:23,2050-07-10 11:23,ENROLL,Jmeter Tournament263,12
2020-02-10 11:23,2050-02-10 11:23,2050-07-10 11:23,ENROLL,Jmeter Tournament264,9
2020-02-10 11:23,2050-02-10 11:23,2050-07-10 11:23,ENROLL,Jmeter Tournament265,46
2020-02-10 11:23,2050-02-10 11:23,2050-07-10 11:23,ENROLL,Jmeter Tournament266,9
2020-02-10 11:23,2050-02-10 11:23,2050-07-10 11:23,ENROLL,Jmeter Tournament267,49
2020-02-10 11:23,2050-02-10 11:23,2050-07-10 11:23,ENROLL,Jmeter Tournament268,33
2020-02-10 11:23,2050-02-10 11:23,2050-07-10 11:23,ENROLL,Jmeter Tournament269,32
2020-02-10 11:23,2050-02-10 11:23,2050-07-10 11:23,ENROLL,Jmeter Tournament270,36
2020-02-10 11:23,2050-02-10 11:23,2050-07-10 11:23,ENROLL,Jmeter Tournament271,24
2020-02-10 11:23,2050-02-10 11:23,2050-07-10 11:23,ENROLL,Jmeter Tournament272,3
2020-02-10 11:23,2050-02-10 11:23,2050-07-10 11:23,ENROLL,Jmeter Tournament273,11
2020-02-10 11:23,2050-02-10 11:23,2050-07-10 11:23,ENROLL,Jmeter Tournament274,9
2020-02-10 11:23,2050-02-10 11:23,2050-07-10 11:23,ENROLL,Jmeter Tournament275,14
2020-02-10 11:23,2050-02-10 11:23,2050-07-10 11:23,ENROLL,Jmeter Tournament276,31
2020-02-10 11:23,2050-02-10 11:23,2050-07-10 11:23,ENROLL,Jmeter Tournament277,50
2020-02-10 11:23,2050-02-10 11:23,2050-07-10 11:23,ENROLL,Jmeter Tournament278,36
2020-02-10 11:23,2050-02-10 11:23,2050-07-10 11:23,ENROLL,Jmeter Tournament279,44
2020-02-10 11:23,2050-02-10 11:23,2050-07-10 11:23,ENROLL,Jmeter Tournament280,24
2020-02-10 11:23,2050-02-10 11:23,2050-07-10 11:23,ENROLL,Jmeter Tournament281,33
2020-02-10 11:23,2050-02-10 11:23,2050-07-10 11:23,ENROLL,Jmeter Tournament282,46
2020-02-10 11:23,2050-02-10 11:23,2050-07-10 11:23,ENROLL,Jmeter Tournament283,15
2020-02-10 11:23,2050-02-10 11:23,2050-07-10 11:23,ENROLL,Jmeter Tournament284,9
2020-02-10 11:23,2050-02-10 11:23,2050-07-10 11:23,ENROLL,Jmeter Tournament285,9
2020-02-10 11:23,2050-02-10 11:23,2050-07-10 11:23,ENROLL,Jmeter Tournament286,43
2020-02-10 11:23,2050-02-10 11:23,2050-07-10 11:23,ENROLL,Jmeter Tournament287,3
2020-02-10 11:23,2050-02-10 11:23,2050-07-10 11:23,ENROLL,Jmeter Tournament288,5
2020-02-10 11:23,2050-02-10 11:23,2050-07-10 11:23,ENROLL,Jmeter Tournament289,31
2020-02-10 11:23,2050-02-10 11:23,2050-07-10 11:23,ENROLL,Jmeter Tournament290,20
2020-02-10 11:23,2050-02-10 11:23,2050-07-10 11:23,ENROLL,Jmeter Tournament291,3
2020-02-10 11:23,2050-02-10 11:23,2050-07-10 11:23,ENROLL,Jmeter Tournament292,11
2020-02-10 11:23,2050-02-10 11:23,2050-07-10 11:23,ENROLL,Jmeter Tournament293,46
2020-02-10 11:23,2050-02-10 11:23,2050-07-10 11:23,ENROLL,Jmeter Tournament294,32
2020-02-10 11:23,2050-02-10 11:23,2050-07-10 11:23,ENROLL,Jmeter Tournament295,20
2020-02-10 11:23,2050-02-10 11:23,2050-07-10 11:23,ENROLL,Jmeter Tournament296,30
2020-02-10 11:23,2050-02-10 11:23,2050-07-10 11:23,ENROLL,Jmeter Tournament297,32
2020-02-10 11:23,2050-02-10 11:23,2050-07-10 11:23,ENROLL,Jmeter Tournament298,15
2020-02-10 11:23,2050-02-10 11:23,2050-07-10 11:23,ENROLL,Jmeter Tournament299,13
2020-02-10 11:23,2050-02-10 11:23,2050-07-10 11:23,ENROLL,Jmeter Tournament300,8
2020-02-10 11:23,2050-02-10 11:23,2050-07-10 11:23,ENROLL,Jmeter Tournament301,47
2020-02-10 11:23,2050-02-10 11:23,2050-07-10 11:23,ENROLL,Jmeter Tournament302,8
2020-02-10 11:23,2050-02-10 11:23,2050-07-10 11:23,ENROLL,Jmeter Tournament303,22
2020-02-10 11:23,2050-02-10 11:23,2050-07-10 11:23,ENROLL,Jmeter Tournament304,29
2020-02-10 11:23,2050-02-10 11:23,2050-07-10 11:23,ENROLL,Jmeter Tournament305,37
2020-02-10 11:23,2050-02-10 11:23,2050-07-10 11:23,ENROLL,Jmeter Tournament306,8
2020-02-10 11:23,2050-02-10 11:23,2050-07-10 11:23,ENROLL,Jmeter Tournament307,46
2020-02-10 11:23,2050-02-10 11:23,2050-07-10 11:23,ENROLL,Jmeter Tournament308,25
2020-02-10 11:23,2050-02-10 11:23,2050-07-10 11:23,ENROLL,Jmeter Tournament309,37
2020-02-10 11:23,2050-02-10 11:23,2050-07-10 11:23,ENROLL,Jmeter Tournament310,19
2020-02-10 11:23,2050-02-10 11:23,2050-07-10 11:23,ENROLL,Jmeter Tournament311,45
2020-02-10 11:23,2050-02-10 11:23,2050-07-10 11:23,ENROLL,Jmeter Tournament312,33
2020-02-10 11:23,2050-02-10 11:23,2050-07-10 11:23,ENROLL,Jmeter Tournament313,46
2020-02-10 11:23,2050-02-10 11:23,2050-07-10 11:23,ENROLL,Jmeter Tournament314,13
2020-02-10 11:23,2050-02-10 11:23,2050-07-10 11:23,ENROLL,Jmeter Tournament315,36
2020-02-10 11:23,2050-02-10 11:23,2050-07-10 11:23,ENROLL,Jmeter Tournament316,5
2020-02-10 11:23,2050-02-10 11:23,2050-07-10 11:23,ENROLL,Jmeter Tournament317,35
2020-02-10 11:23,2050-02-10 11:23,2050-07-10 11:23,ENROLL,Jmeter Tournament318,2
2020-02-10 11:23,2050-02-10 11:23,2050-07-10 11:23,ENROLL,Jmeter Tournament319,9
2020-02-10 11:23,2050-02-10 11:23,2050-07-10 11:23,ENROLL,Jmeter Tournament320,44
2020-02-10 11:23,2050-02-10 11:23,2050-07-10 11:23,ENROLL,Jmeter Tournament321,6
2020-02-10 11:23,2050-02-10 11:23,2050-07-10 11:23,ENROLL,Jmeter Tournament322,9
2020-02-10 11:23,2050-02-10 11:23,2050-07-10 11:23,ENROLL,Jmeter Tournament323,28
2020-02-10 11:23,2050-02-10 11:23,2050-07-10 11:23,ENROLL,Jmeter Tournament324,20
2020-02-10 11:23,2050-02-10 11:23,2050-07-10 11:23,ENROLL,Jmeter Tournament325,21
2020-02-10 11:23,2050-02-10 11:23,2050-07-10 11:23,ENROLL,Jmeter Tournament326,36
2020-02-10 11:23,2050-02-10 11:23,2050-07-10 11:23,ENROLL,Jmeter Tournament327,8
2020-02-10 11:23,2050-02-10 11:23,2050-07-10 11:23,ENROLL,Jmeter Tournament328,49
2020-02-10 11:23,2050-02-10 11:23,2050-07-10 11:23,ENROLL,Jmeter Tournament329,14
2020-02-10 11:23,2050-02-10 11:23,2050-07-10 11:23,ENROLL,Jmeter Tournament330,5
2020-02-10 11:23,2050-02-10 11:23,2050-07-10 11:23,ENROLL,Jmeter Tournament331,49
2020-02-10 11:23,2050-02-10 11:23,2050-07-10 11:23,ENROLL,Jmeter Tournament332,13
2020-02-10 11:23,2050-02-10 11:23,2050-07-10 11:23,ENROLL,Jmeter Tournament333,30
2020-02-10 11:23,2050-02-10 11:23,2050-07-10 11:23,ENROLL,Jmeter Tournament334,7
2020-02-10 11:23,2050-02-10 11:23,2050-07-10 11:23,ENROLL,Jmeter Tournament335,13
2020-02-10 11:23,2050-02-10 11:23,2050-07-10 11:23,ENROLL,Jmeter Tournament336,47
2020-02-10 11:23,2050-02-10 11:23,2050-07-10 11:23,ENROLL,Jmeter Tournament337,37
2020-02-10 11:23,2050-02-10 11:23,2050-07-10 11:23,ENROLL,Jmeter Tournament338,15
2020-02-10 11:23,2050-02-10 11:23,2050-07-10 11:23,ENROLL,Jmeter Tournament339,40
2020-02-10 11:23,2050-02-10 11:23,2050-07-10 11:23,ENROLL,Jmeter Tournament340,14
2020-02-10 11:23,2050-02-10 11:23,2050-07-10 11:23,ENROLL,Jmeter Tournament341,32
2020-02-10 11:23,2050-02-10 11:23,2050-07-10 11:23,ENROLL,Jmeter Tournament342,41
2020-02-10 11:23,2050-02-10 11:23,2050-07-10 11:23,ENROLL,Jmeter Tournament343,47
2020-02-10 11:23,2050-02-10 11:23,2050-07-10 11:23,ENROLL,Jmeter Tournament344,39
2020-02-10 11:23,2050-02-10 11:23,2050-07-10 11:23,ENROLL,Jmeter Tournament345,27
2020-02-10 11:23,2050-02-10 11:23,2050-07-10 11:23,ENROLL,Jmeter Tournament346,37
2020-02-10 11:23,2050-02-10 11:23,2050-07-10 11:23,ENROLL,Jmeter Tournament347,28
2020-02-10 11:23,2050-02-10 11:23,2050-07-10 11:23,ENROLL,Jmeter Tournament348,13
2020-02-10 11:23,2050-02-10 11:23,2050-07-10 11:23,ENROLL,Jmeter Tournament349,16
2020-02-10 11:23,2050-02-10 11:23,2050-07-10 11:23,ENROLL,Jmeter Tournament350,24
2020-02-10 11:23,2050-02-10 11:23,2050-07-10 11:23,ENROLL,Jmeter Tournament351,28
2020-02-10 11:23,2050-02-10 11:23,2050-07-10 11:23,ENROLL,Jmeter Tournament352,18
2020-02-10 11:23,2050-02-10 11:23,2050-07-10 11:23,ENROLL,Jmeter Tournament353,28
2020-02-10 11:23,2050-02-10 11:23,2050-07-10 11:23,ENROLL,Jmeter Tournament354,47
2020-02-10 11:23,2050-02-10 11:23,2050-07-10 11:23,ENROLL,Jmeter Tournament355,20
2020-02-10 11:23,2050-02-10 11:23,2050-07-10 11:23,ENROLL,Jmeter Tournament356,4
2020-02-10 11:23,2050-02-10 11:23,2050-07-10 11:23,ENROLL,Jmeter Tournament357,2
2020-02-10 11:23,2050-02-10 11:23,2050-07-10 11:23,ENROLL,Jmeter Tournament358,23
2020-02-10 11:23,2050-02-10 11:23,2050-07-10 11:23,ENROLL,Jmeter Tournament359,7
2020-02-10 11:23,2050-02-10 11:23,2050-07-10 11:23,ENROLL,Jmeter Tournament360,18
2020-02-10 11:23,2050-02-10 11:23,2050-07-10 11:23,ENROLL,Jmeter Tournament361,38
2020-02-10 11:23,2050-02-10 11:23,2050-07-10 11:23,ENROLL,Jmeter Tournament362,28
2020-02-10 11:23,2050-02-10 11:23,2050-07-10 11:23,ENROLL,Jmeter Tournament363,36
2020-02-10 11:23,2050-02-10 11:23,2050-07-10 11:23,ENROLL,Jmeter Tournament364,28
2020-02-10 11:23,2050-02-10 11:23,2050-07-10 11:23,ENROLL,Jmeter Tournament365,1
2020-02-10 11:23,2050-02-10 11:23,2050-07-10 11:23,ENROLL,Jmeter Tournament366,2
2020-02-10 11:23,2050-02-10 11:23,2050-07-10 11:23,ENROLL,Jmeter Tournament367,25
2020-02-10 11:23,2050-02-10 11:23,2050-07-10 11:23,ENROLL,Jmeter Tournament368,42
2020-02-10 11:23,2050-02-10 11:23,2050-07-10 11:23,ENROLL,Jmeter Tournament369,19
2020-02-10 11:23,2050-02-10 11:23,2050-07-10 11:23,ENROLL,Jmeter Tournament370,13
2020-02-10 11:23,2050-02-10 11:23,2050-07-10 11:23,ENROLL,Jmeter Tournament371,29
2020-02-10 11:23,2050-02-10 11:23,2050-07-10 11:23,ENROLL,Jmeter Tournament372,7
2020-02-10 11:23,2050-02-10 11:23,2050-07-10 11:23,ENROLL,Jmeter Tournament373,22
2020-02-10 11:23,2050-02-10 11:23,2050-07-10 11:23,ENROLL,Jmeter Tournament374,9
2020-02-10 11:23,2050-02-10 11:23,2050-07-10 11:23,ENROLL,Jmeter Tournament375,30
2020-02-10 11:23,2050-02-10 11:23,2050-07-10 11:23,ENROLL,Jmeter Tournament376,23
2020-02-10 11:23,2050-02-10 11:23,2050-07-10 11:23,ENROLL,Jmeter Tournament377,47
2020-02-10 11:23,2050-02-10 11:23,2050-07-10 11:23,ENROLL,Jmeter Tournament378,5
2020-02-10 11:23,2050-02-10 11:23,2050-07-10 11:23,ENROLL,Jmeter Tournament379,50
2020-02-10 11:23,2050-02-10 11:23,2050-07-10 11:23,ENROLL,Jmeter Tournament380,20
2020-02-10 11:23,2050-02-10 11:23,2050-07-10 11:23,ENROLL,Jmeter Tournament381,28
2020-02-10 11:23,2050-02-10 11:23,2050-07-10 11:23,ENROLL,Jmeter Tournament382,14
2020-02-10 11:23,2050-02-10 11:23,2050-07-10 11:23,ENROLL,Jmeter Tournament383,26
2020-02-10 11:23,2050-02-10 11:23,2050-07-10 11:23,ENROLL,Jmeter Tournament384,17
2020-02-10 11:23,2050-02-10 11:23,2050-07-10 11:23,ENROLL,Jmeter Tournament385,28
2020-02-10 11:23,2050-02-10 11:23,2050-07-10 11:23,ENROLL,Jmeter Tournament386,6
2020-02-10 11:23,2050-02-10 11:23,2050-07-10 11:23,ENROLL,Jmeter Tournament387,41
2020-02-10 11:23,2050-02-10 11:23,2050-07-10 11:23,ENROLL,Jmeter Tournament388,13
2020-02-10 11:23,2050-02-10 11:23,2050-07-10 11:23,ENROLL,Jmeter Tournament389,43
2020-02-10 11:23,2050-02-10 11:23,2050-07-10 11:23,ENROLL,Jmeter Tournament390,15
2020-02-10 11:23,2050-02-10 11:23,2050-07-10 11:23,ENROLL,Jmeter Tournament391,50
2020-02-10 11:23,2050-02-10 11:23,2050-07-10 11:23,ENROLL,Jmeter Tournament392,29
2020-02-10 11:23,2050-02-10 11:23,2050-07-10 11:23,ENROLL,Jmeter Tournament393,20
2020-02-10 11:23,2050-02-10 11:23,2050-07-10 11:23,ENROLL,Jmeter Tournament394,18
2020-02-10 11:23,2050-02-10 11:23,2050-07-10 11:23,ENROLL,Jmeter Tournament395,7
2020-02-10 11:23,2050-02-10 11:23,2050-07-10 11:23,ENROLL,Jmeter Tournament396,22
2020-02-10 11:23,2050-02-10 11:23,2050-07-10 11:23,ENROLL,Jmeter Tournament397,21
2020-02-10 11:23,2050-02-10 11:23,2050-07-10 11:23,ENROLL,Jmeter Tournament398,31
2020-02-10 11:23,2050-02-10 11:23,2050-07-10 11:23,ENROLL,Jmeter Tournament399,19
2020-02-10 11:23,2050-02-10 11:23,2050-07-10 11:23,ENROLL,Jmeter Tournament400,20
2020-02-10 11:23,2020-02-13 11:23,2020-02-20 11:23,CLOSED,Jmeter Tournament401,16
2020-02-10 11:23,2020-02-13 11:23,2020-02-20 11:23,CLOSED,Jmeter Tournament402,47
2020-02-10 11:23,2020-02-13 11:23,2020-02-20 11:23,CLOSED,Jmeter Tournament403,29
2020-02-10 11:23,2020-02-13 11:23,2020-02-20 11:23,CLOSED,Jmeter Tournament404,27
2020-02-10 11:23,2020-02-13 11:23,2020-02-20 11:23,CLOSED,Jmeter Tournament405,14
2020-02-10 11:23,2020-02-13 11:23,2020-02-20 11:23,CLOSED,Jmeter Tournament406,27
2020-02-10 11:23,2020-02-13 11:23,2020-02-20 11:23,CLOSED,Jmeter Tournament407,33
2020-02-10 11:23,2020-02-13 11:23,2020-02-20 11:23,CLOSED,Jmeter Tournament408,32
2020-02-10 11:23,2020-02-13 11:23,2020-02-20 11:23,CLOSED,Jmeter Tournament409,29
2020-02-10 11:23,2020-02-13 11:23,2020-02-20 11:23,CLOSED,Jmeter Tournament410,6
2020-02-10 11:23,2020-02-13 11:23,2020-02-20 11:23,CLOSED,Jmeter Tournament411,14
2020-02-10 11:23,2020-02-13 11:23,2020-02-20 11:23,CLOSED,Jmeter Tournament412,9
2020-02-10 11:23,2020-02-13 11:23,2020-02-20 11:23,CLOSED,Jmeter Tournament413,36
2020-02-10 11:23,2020-02-13 11:23,2020-02-20 11:23,CLOSED,Jmeter Tournament414,24
2020-02-10 11:23,2020-02-13 11:23,2020-02-20 11:23,CLOSED,Jmeter Tournament415,39
2020-02-10 11:23,2020-02-13 11:23,2020-02-20 11:23,CLOSED,Jmeter Tournament416,40
2020-02-10 11:23,2020-02-13 11:23,2020-02-20 11:23,CLOSED,Jmeter Tournament417,40
2020-02-10 11:23,2020-02-13 11:23,2020-02-20 11:23,CLOSED,Jmeter Tournament418,38
2020-02-10 11:23,2020-02-13 11:23,2020-02-20 11:23,CLOSED,Jmeter Tournament419,27
2020-02-10 11:23,2020-02-13 11:23,2020-02-20 11:23,CLOSED,Jmeter Tournament420,34
2020-02-10 11:23,2020-02-13 11:23,2020-02-20 11:23,CLOSED,Jmeter Tournament421,35
2020-02-10 11:23,2020-02-13 11:23,2020-02-20 11:23,CLOSED,Jmeter Tournament422,25
2020-02-10 11:23,2020-02-13 11:23,2020-02-20 11:23,CLOSED,Jmeter Tournament423,40
2020-02-10 11:23,2020-02-13 11:23,2020-02-20 11:23,CLOSED,Jmeter Tournament424,14
2020-02-10 11:23,2020-02-13 11:23,2020-02-20 11:23,CLOSED,Jmeter Tournament425,23
2020-02-10 11:23,2020-02-13 11:23,2020-02-20 11:23,CLOSED,Jmeter Tournament426,24
2020-02-10 11:23,2020-02-13 11:23,2020-02-20 11:23,CLOSED,Jmeter Tournament427,22
2020-02-10 11:23,2020-02-13 11:23,2020-02-20 11:23,CLOSED,Jmeter Tournament428,16
2020-02-10 11:23,2020-02-13 11:23,2020-02-20 11:23,CLOSED,Jmeter Tournament429,46
2020-02-10 11:23,2020-02-13 11:23,2020-02-20 11:23,CLOSED,Jmeter Tournament430,26
2020-02-10 11:23,2020-02-13 11:23,2020-02-20 11:23,CLOSED,Jmeter Tournament431,49
2020-02-10 11:23,2020-02-13 11:23,2020-02-20 11:23,CLOSED,Jmeter Tournament432,41
2020-02-10 11:23,2020-02-13 11:23,2020-02-20 11:23,CLOSED,Jmeter Tournament433,5
2020-02-10 11:23,2020-02-13 11:23,2020-02-20 11:23,CLOSED,Jmeter Tournament434,14
2020-02-10 11:23,2020-02-13 11:23,2020-02-20 11:23,CLOSED,Jmeter Tournament435,49
2020-02-10 11:23,2020-02-13 11:23,2020-02-20 11:23,CLOSED,Jmeter Tournament436,50
2020-02-10 11:23,2020-02-13 11:23,2020-02-20 11:23,CLOSED,Jmeter Tournament437,36
2020-02-10 11:23,2020-02-13 11:23,2020-02-20 11:23,CLOSED,Jmeter Tournament438,14
2020-02-10 11:23,2020-02-13 11:23,2020-02-20 11:23,CLOSED,Jmeter Tournament439,3
2020-02-10 11:23,2020-02-13 11:23,2020-02-20 11:23,CLOSED,Jmeter Tournament440,47
2020-02-10 11:23,2020-02-13 11:23,2020-02-20 11:23,CLOSED,Jmeter Tournament441,50
2020-02-10 11:23,2020-02-13 11:23,2020-02-20 11:23,CLOSED,Jmeter Tournament442,27
2020-02-10 11:23,2020-02-13 11:23,2020-02-20 11:23,CLOSED,Jmeter Tournament443,25
2020-02-10 11:23,2020-02-13 11:23,2020-02-20 11:23,CLOSED,Jmeter Tournament444,24
2020-02-10 11:23,2020-02-13 11:23,2020-02-20 11:23,CLOSED,Jmeter Tournament445,29
2020-02-10 11:23,2020-02-13 11:23,2020-02-20 11:23,CLOSED,Jmeter Tournament446,28
2020-02-10 11:23,2020-02-13 11:23,2020-02-20 11:23,CLOSED,Jmeter Tournament447,5
2020-02-10 11:23,2020-02-13 11:23,2020-02-20 11:23,CLOSED,Jmeter Tournament448,34
2020-02-10 11:23,2020-02-13 11:23,2020-02-20 11:23,CLOSED,Jmeter Tournament449,49
2020-02-10 11:23,2020-02-13 11:23,2020-02-20 11:23,CLOSED,Jmeter Tournament450,35
2020-02-10 11:23,2020-02-13 11:23,2020-02-20 11:23,CLOSED,Jmeter Tournament451,46
2020-02-10 11:23,2020-02-13 11:23,2020-02-20 11:23,CLOSED,Jmeter Tournament452,35
2020-02-10 11:23,2020-02-13 11:23,2020-02-20 11:23,CLOSED,Jmeter Tournament453,14
2020-02-10 11:23,2020-02-13 11:23,2020-02-20 11:23,CLOSED,Jmeter Tournament454,21
2020-02-10 11:23,2020-02-13 11:23,2020-02-20 11:23,CLOSED,Jmeter Tournament455,39
2020-02-10 11:23,2020-02-13 11:23,2020-02-20 11:23,CLOSED,Jmeter Tournament456,4
2020-02-10 11:23,2020-02-13 11:23,2020-02-20 11:23,CLOSED,Jmeter Tournament457,20
2020-02-10 11:23,2020-02-13 11:23,2020-02-20 11:23,CLOSED,Jmeter Tournament458,40
2020-02-10 11:23,2020-02-13 11:23,2020-02-20 11:23,CLOSED,Jmeter Tournament459,23
2020-02-10 11:23,2020-02-13 11:23,2020-02-20 11:23,CLOSED,Jmeter Tournament460,35
2020-02-10 11:23,2020-02-13 11:23,2020-02-20 11:23,CLOSED,Jmeter Tournament461,23
2020-02-10 11:23,2020-02-13 11:23,2020-02-20 11:23,CLOSED,Jmeter Tournament462,40
2020-02-10 11:23,2020-02-13 11:23,2020-02-20 11:23,CLOSED,Jmeter Tournament463,25
2020-02-10 11:23,2020-02-13 11:23,2020-02-20 11:23,CLOSED,Jmeter Tournament464,8
2020-02-10 11:23,2020-02-13 11:23,2020-02-20 11:23,CLOSED,Jmeter Tournament465,28
2020-02-10 11:23,2020-02-13 11:23,2020-02-20 11:23,CLOSED,Jmeter Tournament466,21
2020-02-10 11:23,2020-02-13 11:23,2020-02-20 11:23,CLOSED,Jmeter Tournament467,45
2020-02-10 11:23,2020-02-13 11:23,2020-02-20 11:23,CLOSED,Jmeter Tournament468,36
2020-02-10 11:23,2020-02-13 11:23,2020-02-20 11:23,CLOSED,Jmeter Tournament469,20
2020-02-10 11:23,2020-02-13 11:23,2020-02-20 11:23,CLOSED,Jmeter Tournament470,49
2020-02-10 11:23,2020-02-13 11:23,2020-02-20 11:23,CLOSED,Jmeter Tournament471,13
2020-02-10 11:23,2020-02-13 11:23,2020-02-20 11:23,CLOSED,Jmeter Tournament472,22
2020-02-10 11:23,2020-02-13 11:23,2020-02-20 11:23,CLOSED,Jmeter Tournament473,37
2020-02-10 11:23,2020-02-13 11:23,2020-02-20 11:23,CLOSED,Jmeter Tournament474,35
2020-02-10 11:23,2020-02-13 11:23,2020-02-20 11:23,CLOSED,Jmeter Tournament475,18
2020-02-10 11:23,2020-02-13 11:23,2020-02-20 11:23,CLOSED,Jmeter Tournament476,50
2020-02-10 11:23,2020-02-13 11:23,2020-02-20 11:23,CLOSED,Jmeter Tournament477,42
2020-02-10 11:23,2020-02-13 11:23,2020-02-20 11:23,CLOSED,Jmeter Tournament478,19
2020-02-10 11:23,2020-02-13 11:23,2020-02-20 11:23,CLOSED,Jmeter Tournament479,3
2020-02-10 11:23,2020-02-13 11:23,2020-02-20 11:23,CLOSED,Jmeter Tournament480,31
2020-02-10 11:23,2020-02-13 11:23,2020-02-20 11:23,CLOSED,Jmeter Tournament481,31
2020-02-10 11:23,2020-02-13 11:23,2020-02-20 11:23,CLOSED,Jmeter Tournament482,26
2020-02-10 11:23,2020-02-13 11:23,2020-02-20 11:23,CLOSED,Jmeter Tournament483,18
2020-02-10 11:23,2020-02-13 11:23,2020-02-20 11:23,CLOSED,Jmeter Tournament484,48
2020-02-10 11:23,2020-02-13 11:23,2020-02-20 11:23,CLOSED,Jmeter Tournament485,13
2020-02-10 11:23,2020-02-13 11:23,2020-02-20 11:23,CLOSED,Jmeter Tournament486,36
2020-02-10 11:23,2020-02-13 11:23,2020-02-20 11:23,CLOSED,Jmeter Tournament487,39
2020-02-10 11:23,2020-02-13 11:23,2020-02-20 11:23,CLOSED,Jmeter Tournament488,14
2020-02-10 11:23,2020-02-13 11:23,2020-02-20 11:23,CLOSED,Jmeter Tournament489,32
2020-02-10 11:23,2020-02-13 11:23,2020-02-20 11:23,CLOSED,Jmeter Tournament490,1
2020-02-10 11:23,2020-02-13 11:23,2020-02-20 11:23,CLOSED,Jmeter Tournament491,46
2020-02-10 11:23,2020-02-13 11:23,2020-02-20 11:23,CLOSED,Jmeter Tournament492,32
2020-02-10 11:23,2020-02-13 11:23,2020-02-20 11:23,CLOSED,Jmeter Tournament493,44
2020-02-10 11:23,2020-02-13 11:23,2020-02-20 11:23,CLOSED,Jmeter Tournament494,24
2020-02-10 11:23,2020-02-13 11:23,2020-02-20 11:23,CLOSED,Jmeter Tournament495,49
2020-02-10 11:23,2020-02-13 11:23,2020-02-20 11:23,CLOSED,Jmeter Tournament496,19
2020-02-10 11:23,2020-02-13 11:23,2020-02-20 11:23,CLOSED,Jmeter Tournament497,16
2020-02-10 11:23,2020-02-13 11:23,2020-02-20 11:23,CLOSED,Jmeter Tournament498,24
2020-02-10 11:23,2020-02-13 11:23,2020-02-20 11:23,CLOSED,Jmeter Tournament499,45
2020-02-10 11:23,2020-02-13 11:23,2020-02-20 11:23,CLOSED,Jmeter Tournament500,41
2020-02-10 11:23,2020-02-13 11:23,2020-02-20 11:23,CLOSED,Jmeter Tournament501,20
2020-02-10 11:23,2020-02-13 11:23,2020-02-20 11:23,CLOSED,Jmeter Tournament502,24
2020-02-10 11:23,2020-02-13 11:23,2020-02-20 11:23,CLOSED,Jmeter Tournament503,26
2020-02-10 11:23,2020-02-13 11:23,2020-02-20 11:23,CLOSED,Jmeter Tournament504,14
2020-02-10 11:23,2020-02-13 11:23,2020-02-20 11:23,CLOSED,Jmeter Tournament505,26
2020-02-10 11:23,2020-02-13 11:23,2020-02-20 11:23,CLOSED,Jmeter Tournament506,24
2020-02-10 11:23,2020-02-13 11:23,2020-02-20 11:23,CLOSED,Jmeter Tournament507,5
2020-02-10 11:23,2020-02-13 11:23,2020-02-20 11:23,CLOSED,Jmeter Tournament508,23
2020-02-10 11:23,2020-02-13 11:23,2020-02-20 11:23,CLOSED,Jmeter Tournament509,9
2020-02-10 11:23,2020-02-13 11:23,2020-02-20 11:23,CLOSED,Jmeter Tournament510,3
2020-02-10 11:23,2020-02-13 11:23,2020-02-20 11:23,CLOSED,Jmeter Tournament511,27
2020-02-10 11:23,2020-02-13 11:23,2020-02-20 11:23,CLOSED,Jmeter Tournament512,6
2020-02-10 11:23,2020-02-13 11:23,2020-02-20 11:23,CLOSED,Jmeter Tournament513,19
2020-02-10 11:23,2020-02-13 11:23,2020-02-20 11:23,CLOSED,Jmeter Tournament514,39
2020-02-10 11:23,2020-02-13 11:23,2020-02-20 11:23,CLOSED,Jmeter Tournament515,33
2020-02-10 11:23,2020-02-13 11:23,2020-02-20 11:23,CLOSED,Jmeter Tournament516,16
2020-02-10 11:23,2020-02-13 11:23,2020-02-20 11:23,CLOSED,Jmeter Tournament517,48
2020-02-10 11:23,2020-02-13 11:23,2020-02-20 11:23,CLOSED,Jmeter Tournament518,6
2020-02-10 11:23,2020-02-13 11:23,2020-02-20 11:23,CLOSED,Jmeter Tournament519,42
2020-02-10 11:23,2020-02-13 11:23,2020-02-20 11:23,CLOSED,Jmeter Tournament520,36
2020-02-10 11:23,2020-02-13 11:23,2020-02-20 11:23,CLOSED,Jmeter Tournament521,12
2020-02-10 11:23,2020-02-13 11:23,2020-02-20 11:23,CLOSED,Jmeter Tournament522,30
2020-02-10 11:23,2020-02-13 11:23,2020-02-20 11:23,CLOSED,Jmeter Tournament523,35
2020-02-10 11:23,2020-02-13 11:23,2020-02-20 11:23,CLOSED,Jmeter Tournament524,32
2020-02-10 11:23,2020-02-13 11:23,2020-02-20 11:23,CLOSED,Jmeter Tournament525,33
2020-02-10 11:23,2020-02-13 11:23,2020-02-20 11:23,CLOSED,Jmeter Tournament526,47
2020-02-10 11:23,2020-02-13 11:23,2020-02-20 11:23,CLOSED,Jmeter Tournament527,3
2020-02-10 11:23,2020-02-13 11:23,2020-02-20 11:23,CLOSED,Jmeter Tournament528,27
2020-02-10 11:23,2020-02-13 11:23,2020-02-20 11:23,CLOSED,Jmeter Tournament529,9
2020-02-10 11:23,2020-02-13 11:23,2020-02-20 11:23,CLOSED,Jmeter Tournament530,39
2020-02-10 11:23,2020-02-13 11:23,2020-02-20 11:23,CLOSED,Jmeter Tournament531,47
2020-02-10 11:23,2020-02-13 11:23,2020-02-20 11:23,CLOSED,Jmeter Tournament532,2
2020-02-10 11:23,2020-02-13 11:23,2020-02-20 11:23,CLOSED,Jmeter Tournament533,5
2020-02-10 11:23,2020-02-13 11:23,2020-02-20 11:23,CLOSED,Jmeter Tournament534,37
2020-02-10 11:23,2020-02-13 11:23,2020-02-20 11:23,CLOSED,Jmeter Tournament535,43
2020-02-10 11:23,2020-02-13 11:23,2020-02-20 11:23,CLOSED,Jmeter Tournament536,25
2020-02-10 11:23,2020-02-13 11:23,2020-02-20 11:23,CLOSED,Jmeter Tournament537,26
2020-02-10 11:23,2020-02-13 11:23,2020-02-20 11:23,CLOSED,Jmeter Tournament538,45
2020-02-10 11:23,2020-02-13 11:23,2020-02-20 11:23,CLOSED,Jmeter Tournament539,20
2020-02-10 11:23,2020-02-13 11:23,2020-02-20 11:23,CLOSED,Jmeter Tournament540,16
2020-02-10 11:23,2020-02-13 11:23,2020-02-20 11:23,CLOSED,Jmeter Tournament541,40
2020-02-10 11:23,2020-02-13 11:23,2020-02-20 11:23,CLOSED,Jmeter Tournament542,13
2020-02-10 11:23,2020-02-13 11:23,2020-02-20 11:23,CLOSED,Jmeter Tournament543,26
2020-02-10 11:23,2020-02-13 11:23,2020-02-20 11:23,CLOSED,Jmeter Tournament544,17
2020-02-10 11:23,2020-02-13 11:23,2020-02-20 11:23,CLOSED,Jmeter Tournament545,46
2020-02-10 11:23,2020-02-13 11:23,2020-02-20 11:23,CLOSED,Jmeter Tournament546,14
2020-02-10 11:23,2020-02-13 11:23,2020-02-20 11:23,CLOSED,Jmeter Tournament547,41
2020-02-10 11:23,2020-02-13 11:23,2020-02-20 11:23,CLOSED,Jmeter Tournament548,44
2020-02-10 11:23,2020-02-13 11:23,2020-02-20 11:23,CLOSED,Jmeter Tournament549,8
2020-02-10 11:23,2020-02-13 11:23,2020-02-20 11:23,CLOSED,Jmeter Tournament550,20
2020-02-10 11:23,2020-02-13 11:23,2020-02-20 11:23,CLOSED,Jmeter Tournament551,32
2020-02-10 11:23,2020-02-13 11:23,2020-02-20 11:23,CLOSED,Jmeter Tournament552,1
2020-02-10 11:23,2020-02-13 11:23,2020-02-20 11:23,CLOSED,Jmeter Tournament553,13
2020-02-10 11:23,2020-02-13 11:23,2020-02-20 11:23,CLOSED,Jmeter Tournament554,41
2020-02-10 11:23,2020-02-13 11:23,2020-02-20 11:23,CLOSED,Jmeter Tournament555,36
2020-02-10 11:23,2020-02-13 11:23,2020-02-20 11:23,CLOSED,Jmeter Tournament556,35
2020-02-10 11:23,2020-02-13 11:23,2020-02-20 11:23,CLOSED,Jmeter Tournament557,45
2020-02-10 11:23,2020-02-13 11:23,2020-02-20 11:23,CLOSED,Jmeter Tournament558,32
2020-02-10 11:23,2020-02-13 11:23,2020-02-20 11:23,CLOSED,Jmeter Tournament559,16
2020-02-10 11:23,2020-02-13 11:23,2020-02-20 11:23,CLOSED,Jmeter Tournament560,12
2020-02-10 11:23,2020-02-13 11:23,2020-02-20 11:23,CLOSED,Jmeter Tournament561,22
2020-02-10 11:23,2020-02-13 11:23,2020-02-20 11:23,CLOSED,Jmeter Tournament562,31
2020-02-10 11:23,2020-02-13 11:23,2020-02-20 11:23,CLOSED,Jmeter Tournament563,10
2020-02-10 11:23,2020-02-13 11:23,2020-02-20 11:23,CLOSED,Jmeter Tournament564,42
2020-02-10 11:23,2020-02-13 11:23,2020-02-20 11:23,CLOSED,Jmeter Tournament565,40
2020-02-10 11:23,2020-02-13 11:23,2020-02-20 11:23,CLOSED,Jmeter Tournament566,43
2020-02-10 11:23,2020-02-13 11:23,2020-02-20 11:23,CLOSED,Jmeter Tournament567,23
2020-02-10 11:23,2020-02-13 11:23,2020-02-20 11:23,CLOSED,Jmeter Tournament568,16
2020-02-10 11:23,2020-02-13 11:23,2020-02-20 11:23,CLOSED,Jmeter Tournament569,15
2020-02-10 11:23,2020-02-13 11:23,2020-02-20 11:23,CLOSED,Jmeter Tournament570,37
2020-02-10 11:23,2020-02-13 11:23,2020-02-20 11:23,CLOSED,Jmeter Tournament571,5
2020-02-10 11:23,2020-02-13 11:23,2020-02-20 11:23,CLOSED,Jmeter Tournament572,4
2020-02-10 11:23,2020-02-13 11:23,2020-02-20 11:23,CLOSED,Jmeter Tournament573,2
2020-02-10 11:23,2020-02-13 11:23,2020-02-20 11:23,CLOSED,Jmeter Tournament574,11
2020-02-10 11:23,2020-02-13 11:23,2020-02-20 11:23,CLOSED,Jmeter Tournament575,2
2020-02-10 11:23,2020-02-13 11:23,2020-02-20 11:23,CLOSED,Jmeter Tournament576,37
2020-02-10 11:23,2020-02-13 11:23,2020-02-20 11:23,CLOSED,Jmeter Tournament577,22
2020-02-10 11:23,2020-02-13 11:23,2020-02-20 11:23,CLOSED,Jmeter Tournament578,3
2020-02-10 11:23,2020-02-13 11:23,2020-02-20 11:23,CLOSED,Jmeter Tournament579,34
2020-02-10 11:23,2020-02-13 11:23,2020-02-20 11:23,CLOSED,Jmeter Tournament580,3
2020-02-10 11:23,2020-02-13 11:23,2020-02-20 11:23,CLOSED,Jmeter Tournament581,18
2020-02-10 11:23,2020-02-13 11:23,2020-02-20 11:23,CLOSED,Jmeter Tournament582,33
2020-02-10 11:23,2020-02-13 11:23,2020-02-20 11:23,CLOSED,Jmeter Tournament583,8
2020-02-10 11:23,2020-02-13 11:23,2020-02-20 11:23,CLOSED,Jmeter Tournament584,5
2020-02-10 11:23,2020-02-13 11:23,2020-02-20 11:23,CLOSED,Jmeter Tournament585,22
2020-02-10 11:23,2020-02-13 11:23,2020-02-20 11:23,CLOSED,Jmeter Tournament586,17
2020-02-10 11:23,2020-02-13 11:23,2020-02-20 11:23,CLOSED,Jmeter Tournament587,26
2020-02-10 11:23,2020-02-13 11:23,2020-02-20 11:23,CLOSED,Jmeter Tournament588,47
2020-02-10 11:23,2020-02-13 11:23,2020-02-20 11:23,CLOSED,Jmeter Tournament589,49
2020-02-10 11:23,2020-02-13 11:23,2020-02-20 11:23,CLOSED,Jmeter Tournament590,11
2020-02-10 11:23,2020-02-13 11:23,2020-02-20 11:23,CLOSED,Jmeter Tournament591,2
2020-02-10 11:23,2020-02-13 11:23,2020-02-20 11:23,CLOSED,Jmeter Tournament592,9
2020-02-10 11:23,2020-02-13 11:23,2020-02-20 11:23,CLOSED,Jmeter Tournament593,14
2020-02-10 11:23,2020-02-13 11:23,2020-02-20 11:23,CLOSED,Jmeter Tournament594,41
2020-02-10 11:23,2020-02-13 11:23,2020-02-20 11:23,CLOSED,Jmeter Tournament595,15
2020-02-10 11:23,2020-02-13 11:23,2020-02-20 11:23,CLOSED,Jmeter Tournament596,11
2020-02-10 11:23,2020-02-13 11:23,2020-02-20 11:23,CLOSED,Jmeter Tournament597,50
2020-02-10 11:23,2020-02-13 11:23,2020-02-20 11:23,CLOSED,Jmeter Tournament598,27
2020-02-10 11:23,2020-02-13 11:23,2020-02-20 11:23,CLOSED,Jmeter Tournament599,17
2020-02-10 11:23,2020-02-13 11:23,2020-02-20 11:23,CLOSED,Jmeter Tournament600,34
2020-02-10 11:23,2020-02-13 11:23,2020-02-20 11:23,CLOSED,Jmeter Tournament601,27
2020-02-10 11:23,2020-02-13 11:23,2020-02-20 11:23,CLOSED,Jmeter Tournament602,13
2020-02-10 11:23,2020-02-13 11:23,2020-02-20 11:23,CLOSED,Jmeter Tournament603,25
2020-02-10 11:23,2020-02-13 11:23,2020-02-20 11:23,CLOSED,Jmeter Tournament604,14
2020-02-10 11:23,2020-02-13 11:23,2020-02-20 11:23,CLOSED,Jmeter Tournament605,7
2020-02-10 11:23,2020-02-13 11:23,2020-02-20 11:23,CLOSED,Jmeter Tournament606,47
2020-02-10 11:23,2020-02-13 11:23,2020-02-20 11:23,CLOSED,Jmeter Tournament607,25
2020-02-10 11:23,2020-02-13 11:23,2020-02-20 11:23,CLOSED,Jmeter Tournament608,14
2020-02-10 11:23,2020-02-13 11:23,2020-02-20 11:23,CLOSED,Jmeter Tournament609,3
2020-02-10 11:23,2020-02-13 11:23,2020-02-20 11:23,CLOSED,Jmeter Tournament610,50
2020-02-10 11:23,2020-02-13 11:23,2020-02-20 11:23,CLOSED,Jmeter Tournament611,32
2020-02-10 11:23,2020-02-13 11:23,2020-02-20 11:23,CLOSED,Jmeter Tournament612,2
2020-02-10 11:23,2020-02-13 11:23,2020-02-20 11:23,CLOSED,Jmeter Tournament613,38
2020-02-10 11:23,2020-02-13 11:23,2020-02-20 11:23,CLOSED,Jmeter Tournament614,40
2020-02-10 11:23,2020-02-13 11:23,2020-02-20 11:23,CLOSED,Jmeter Tournament615,21
2020-02-10 11:23,2020-02-13 11:23,2020-02-20 11:23,CLOSED,Jmeter Tournament616,33
2020-02-10 11:23,2020-02-13 11:23,2020-02-20 11:23,CLOSED,Jmeter Tournament617,15
2020-02-10 11:23,2020-02-13 11:23,2020-02-20 11:23,CLOSED,Jmeter Tournament618,39
2020-02-10 11:23,2020-02-13 11:23,2020-02-20 11:23,CLOSED,Jmeter Tournament619,7
2020-02-10 11:23,2020-02-13 11:23,2020-02-20 11:23,CLOSED,Jmeter Tournament620,28
2020-02-10 11:23,2020-02-13 11:23,2020-02-20 11:23,CLOSED,Jmeter Tournament621,15
2020-02-10 11:23,2020-02-13 11:23,2020-02-20 11:23,CLOSED,Jmeter Tournament622,46
2020-02-10 11:23,2020-02-13 11:23,2020-02-20 11:23,CLOSED,Jmeter Tournament623,50
2020-02-10 11:23,2020-02-13 11:23,2020-02-20 11:23,CLOSED,Jmeter Tournament624,34
2020-02-10 11:23,2020-02-13 11:23,2020-02-20 11:23,CLOSED,Jmeter Tournament625,11
2020-02-10 11:23,2020-02-13 11:23,2020-02-20 11:23,CLOSED,Jmeter Tournament626,39
2020-02-10 11:23,2020-02-13 11:23,2020-02-20 11:23,CLOSED,Jmeter Tournament627,23
2020-02-10 11:23,2020-02-13 11:23,2020-02-20 11:23,CLOSED,Jmeter Tournament628,5
2020-02-10 11:23,2020-02-13 11:23,2020-02-20 11:23,CLOSED,Jmeter Tournament629,16
2020-02-10 11:23,2020-02-13 11:23,2020-02-20 11:23,CLOSED,Jmeter Tournament630,29
2020-02-10 11:23,2020-02-13 11:23,2020-02-20 11:23,CLOSED,Jmeter Tournament631,50
2020-02-10 11:23,2020-02-13 11:23,2020-02-20 11:23,CLOSED,Jmeter Tournament632,38
2020-02-10 11:23,2020-02-13 11:23,2020-02-20 11:23,CLOSED,Jmeter Tournament633,10
2020-02-10 11:23,2020-02-13 11:23,2020-02-20 11:23,CLOSED,Jmeter Tournament634,29
2020-02-10 11:23,2020-02-13 11:23,2020-02-20 11:23,CLOSED,Jmeter Tournament635,47
2020-02-10 11:23,2020-02-13 11:23,2020-02-20 11:23,CLOSED,Jmeter Tournament636,45
2020-02-10 11:23,2020-02-13 11:23,2020-02-20 11:23,CLOSED,Jmeter Tournament637,43
2020-02-10 11:23,2020-02-13 11:23,2020-02-20 11:23,CLOSED,Jmeter Tournament638,27
2020-02-10 11:23,2020-02-13 11:23,2020-02-20 11:23,CLOSED,Jmeter Tournament639,11
2020-02-10 11:23,2020-02-13 11:23,2020-02-20 11:23,CLOSED,Jmeter Tournament640,42
2020-02-10 11:23,2020-02-13 11:23,2020-02-20 11:23,CLOSED,Jmeter Tournament641,7
2020-02-10 11:23,2020-02-13 11:23,2020-02-20 11:23,CLOSED,Jmeter Tournament642,39
2020-02-10 11:23,2020-02-13 11:23,2020-02-20 11:23,CLOSED,Jmeter Tournament643,9
2020-02-10 11:23,2020-02-13 11:23,2020-02-20 11:23,CLOSED,Jmeter Tournament644,2
2020-02-10 11:23,2020-02-13 11:23,2020-02-20 11:23,CLOSED,Jmeter Tournament645,24
2020-02-10 11:23,2020-02-13 11:23,2020-02-20 11:23,CLOSED,Jmeter Tournament646,13
2020-02-10 11:23,2020-02-13 11:23,2020-02-20 11:23,CLOSED,Jmeter Tournament647,20
2020-02-10 11:23,2020-02-13 11:23,2020-02-20 11:23,CLOSED,Jmeter Tournament648,16
2020-02-10 11:23,2020-02-13 11:23,2020-02-20 11:23,CLOSED,Jmeter Tournament649,38
2020-02-10 11:23,2020-02-13 11:23,2020-02-20 11:23,CLOSED,Jmeter Tournament650,4
2020-02-10 11:23,2020-02-13 11:23,2020-02-20 11:23,CLOSED,Jmeter Tournament651,47
2020-02-10 11:23,2020-02-13 11:23,2020-02-20 11:23,CLOSED,Jmeter Tournament652,13
2020-02-10 11:23,2020-02-13 11:23,2020-02-20 11:23,CLOSED,Jmeter Tournament653,14
2020-02-10 11:23,2020-02-13 11:23,2020-02-20 11:23,CLOSED,Jmeter Tournament654,32
2020-02-10 11:23,2020-02-13 11:23,2020-02-20 11:23,CLOSED,Jmeter Tournament655,47
2020-02-10 11:23,2020-02-13 11:23,2020-02-20 11:23,CLOSED,Jmeter Tournament656,29
2020-02-10 11:23,2020-02-13 11:23,2020-02-20 11:23,CLOSED,Jmeter Tournament657,45
2020-02-10 11:23,2020-02-13 11:23,2020-02-20 11:23,CLOSED,Jmeter Tournament658,38
2020-02-10 11:23,2020-02-13 11:23,2020-02-20 11:23,CLOSED,Jmeter Tournament659,2
2020-02-10 11:23,2020-02-13 11:23,2020-02-20 11:23,CLOSED,Jmeter Tournament660,7
2020-02-10 11:23,2020-02-13 11:23,2020-02-20 11:23,CLOSED,Jmeter Tournament661,17
2020-02-10 11:23,2020-02-13 11:23,2020-02-20 11:23,CLOSED,Jmeter Tournament662,11
2020-02-10 11:23,2020-02-13 11:23,2020-02-20 11:23,CLOSED,Jmeter Tournament663,19
2020-02-10 11:23,2020-02-13 11:23,2020-02-20 11:23,CLOSED,Jmeter Tournament664,5
2020-02-10 11:23,2020-02-13 11:23,2020-02-20 11:23,CLOSED,Jmeter Tournament665,48
2020-02-10 11:23,2020-02-13 11:23,2020-02-20 11:23,CLOSED,Jmeter Tournament666,20
2020-02-10 11:23,2020-02-13 11:23,2020-02-20 11:23,CLOSED,Jmeter Tournament667,14
2020-02-10 11:23,2020-02-13 11:23,2020-02-20 11:23,CLOSED,Jmeter Tournament668,49
2020-02-10 11:23,2020-02-13 11:23,2020-02-20 11:23,CLOSED,Jmeter Tournament669,35
2020-02-10 11:23,2020-02-13 11:23,2020-02-20 11:23,CLOSED,Jmeter Tournament670,10
2020-02-10 11:23,2020-02-13 11:23,2020-02-20 11:23,CLOSED,Jmeter Tournament671,44
2020-02-10 11:23,2020-02-13 11:23,2020-02-20 11:23,CLOSED,Jmeter Tournament672,6
2020-02-10 11:23,2020-02-13 11:23,2020-02-20 11:23,CLOSED,Jmeter Tournament673,34
2020-02-10 11:23,2020-02-13 11:23,2020-02-20 11:23,CLOSED,Jmeter Tournament674,14
2020-02-10 11:23,2020-02-13 11:23,2020-02-20 11:23,CLOSED,Jmeter Tournament675,36
2020-02-10 11:23,2020-02-13 11:23,2020-02-20 11:23,CLOSED,Jmeter Tournament676,44
2020-02-10 11:23,2020-02-13 11:23,2020-02-20 11:23,CLOSED,Jmeter Tournament677,22
2020-02-10 11:23,2020-02-13 11:23,2020-02-20 11:23,CLOSED,Jmeter Tournament678,28
2020-02-10 11:23,2020-02-13 11:23,2020-02-20 11:23,CLOSED,Jmeter Tournament679,46
2020-02-10 11:23,2020-02-13 11:23,2020-02-20 11:23,CLOSED,Jmeter Tournament680,25
2020-02-10 11:23,2020-02-13 11:23,2020-02-20 11:23,CLOSED,Jmeter Tournament681,6
2020-02-10 11:23,2020-02-13 11:23,2020-02-20 11:23,CLOSED,Jmeter Tournament682,24
2020-02-10 11:23,2020-02-13 11:23,2020-02-20 11:23,CLOSED,Jmeter Tournament683,16
2020-02-10 11:23,2020-02-13 11:23,2020-02-20 11:23,CLOSED,Jmeter Tournament684,48
2020-02-10 11:23,2020-02-13 11:23,2020-02-20 11:23,CLOSED,Jmeter Tournament685,13
2020-02-10 11:23,2020-02-13 11:23,2020-02-20 11:23,CLOSED,Jmeter Tournament686,8
2020-02-10 11:23,2020-02-13 11:23,2020-02-20 11:23,CLOSED,Jmeter Tournament687,32
2020-02-10 11:23,2020-02-13 11:23,2020-02-20 11:23,CLOSED,Jmeter Tournament688,2
2020-02-10 11:23,2020-02-13 11:23,2020-02-20 11:23,CLOSED,Jmeter Tournament689,4
2020-02-10 11:23,2020-02-13 11:23,2020-02-20 11:23,CLOSED,Jmeter Tournament690,49
2020-02-10 11:23,2020-02-13 11:23,2020-02-20 11:23,CLOSED,Jmeter Tournament691,37
2020-02-10 11:23,2020-02-13 11:23,2020-02-20 11:23,CLOSED,Jmeter Tournament692,19
2020-02-10 11:23,2020-02-13 11:23,2020-02-20 11:23,CLOSED,Jmeter Tournament693,2
2020-02-10 11:23,2020-02-13 11:23,2020-02-20 11:23,CLOSED,Jmeter Tournament694,13
2020-02-10 11:23,2020-02-13 11:23,2020-02-20 11:23,CLOSED,Jmeter Tournament695,49
2020-02-10 11:23,2020-02-13 11:23,2020-02-20 11:23,CLOSED,Jmeter Tournament696,20
2020-02-10 11:23,2020-02-13 11:23,2020-02-20 11:23,CLOSED,Jmeter Tournament697,13
2020-02-10 11:23,2020-02-13 11:23,2020-02-20 11:23,CLOSED,Jmeter Tournament698,8
2020-02-10 11:23,2020-02-13 11:23,2020-02-20 11:23,CLOSED,Jmeter Tournament699,32
2020-02-10 11:23,2020-02-13 11:23,2020-02-20 11:23,CLOSED,Jmeter Tournament700,31
2020-02-10 11:23,2020-03-10 11:23,2050-02-10 11:23,ONGOING,Jmeter Tournament701,37
2020-02-10 11:23,2020-03-10 11:23,2050-02-10 11:23,ONGOING,Jmeter Tournament702,11
2020-02-10 11:23,2020-03-10 11:23,2050-02-10 11:23,ONGOING,Jmeter Tournament703,6
2020-02-10 11:23,2020-03-10 11:23,2050-02-10 11:23,ONGOING,Jmeter Tournament704,33
2020-02-10 11:23,2020-03-10 11:23,2050-02-10 11:23,ONGOING,Jmeter Tournament705,34
2020-02-10 11:23,2020-03-10 11:23,2050-02-10 11:23,ONGOING,Jmeter Tournament706,33
2020-02-10 11:23,2020-03-10 11:23,2050-02-10 11:23,ONGOING,Jmeter Tournament707,41
2020-02-10 11:23,2020-03-10 11:23,2050-02-10 11:23,ONGOING,Jmeter Tournament708,3
2020-02-10 11:23,2020-03-10 11:23,2050-02-10 11:23,ONGOING,Jmeter Tournament709,46
2020-02-10 11:23,2020-03-10 11:23,2050-02-10 11:23,ONGOING,Jmeter Tournament710,15
2020-02-10 11:23,2020-03-10 11:23,2050-02-10 11:23,ONGOING,Jmeter Tournament711,18
2020-02-10 11:23,2020-03-10 11:23,2050-02-10 11:23,ONGOING,Jmeter Tournament712,45
2020-02-10 11:23,2020-03-10 11:23,2050-02-10 11:23,ONGOING,Jmeter Tournament713,49
2020-02-10 11:23,2020-03-10 11:23,2050-02-10 11:23,ONGOING,Jmeter Tournament714,34
2020-02-10 11:23,2020-03-10 11:23,2050-02-10 11:23,ONGOING,Jmeter Tournament715,40
2020-02-10 11:23,2020-03-10 11:23,2050-02-10 11:23,ONGOING,Jmeter Tournament716,15
2020-02-10 11:23,2020-03-10 11:23,2050-02-10 11:23,ONGOING,Jmeter Tournament717,20
2020-02-10 11:23,2020-03-10 11:23,2050-02-10 11:23,ONGOING,Jmeter Tournament718,16
2020-02-10 11:23,2020-03-10 11:23,2050-02-10 11:23,ONGOING,Jmeter Tournament719,36
2020-02-10 11:23,2020-03-10 11:23,2050-02-10 11:23,ONGOING,Jmeter Tournament720,27
2020-02-10 11:23,2020-03-10 11:23,2050-02-10 11:23,ONGOING,Jmeter Tournament721,8
2020-02-10 11:23,2020-03-10 11:23,2050-02-10 11:23,ONGOING,Jmeter Tournament722,30
2020-02-10 11:23,2020-03-10 11:23,2050-02-10 11:23,ONGOING,Jmeter Tournament723,39
2020-02-10 11:23,2020-03-10 11:23,2050-02-10 11:23,ONGOING,Jmeter Tournament724,39
2020-02-10 11:23,2020-03-10 11:23,2050-02-10 11:23,ONGOING,Jmeter Tournament725,29
2020-02-10 11:23,2020-03-10 11:23,2050-02-10 11:23,ONGOING,Jmeter Tournament726,46
2020-02-10 11:23,2020-03-10 11:23,2050-02-10 11:23,ONGOING,Jmeter Tournament727,25
2020-02-10 11:23,2020-03-10 11:23,2050-02-10 11:23,ONGOING,Jmeter Tournament728,18
2020-02-10 11:23,2020-03-10 11:23,2050-02-10 11:23,ONGOING,Jmeter Tournament729,11
2020-02-10 11:23,2020-03-10 11:23,2050-02-10 11:23,ONGOING,Jmeter Tournament730,9
2020-02-10 11:23,2020-03-10 11:23,2050-02-10 11:23,ONGOING,Jmeter Tournament731,26
2020-02-10 11:23,2020-03-10 11:23,2050-02-10 11:23,ONGOING,Jmeter Tournament732,49
2020-02-10 11:23,2020-03-10 11:23,2050-02-10 11:23,ONGOING,Jmeter Tournament733,46
2020-02-10 11:23,2020-03-10 11:23,2050-02-10 11:23,ONGOING,Jmeter Tournament734,46
2020-02-10 11:23,2020-03-10 11:23,2050-02-10 11:23,ONGOING,Jmeter Tournament735,9
2020-02-10 11:23,2020-03-10 11:23,2050-02-10 11:23,ONGOING,Jmeter Tournament736,28
2020-02-10 11:23,2020-03-10 11:23,2050-02-10 11:23,ONGOING,Jmeter Tournament737,24
2020-02-10 11:23,2020-03-10 11:23,2050-02-10 11:23,ONGOING,Jmeter Tournament738,26
2020-02-10 11:23,2020-03-10 11:23,2050-02-10 11:23,ONGOING,Jmeter Tournament739,20
2020-02-10 11:23,2020-03-10 11:23,2050-02-10 11:23,ONGOING,Jmeter Tournament740,47
2020-02-10 11:23,2020-03-10 11:23,2050-02-10 11:23,ONGOING,Jmeter Tournament741,31
2020-02-10 11:23,2020-03-10 11:23,2050-02-10 11:23,ONGOING,Jmeter Tournament742,13
2020-02-10 11:23,2020-03-10 11:23,2050-02-10 11:23,ONGOING,Jmeter Tournament743,46
2020-02-10 11:23,2020-03-10 11:23,2050-02-10 11:23,ONGOING,Jmeter Tournament744,15
2020-02-10 11:23,2020-03-10 11:23,2050-02-10 11:23,ONGOING,Jmeter Tournament745,20
2020-02-10 11:23,2020-03-10 11:23,2050-02-10 11:23,ONGOING,Jmeter Tournament746,5
2020-02-10 11:23,2020-03-10 11:23,2050-02-10 11:23,ONGOING,Jmeter Tournament747,46
2020-02-10 11:23,2020-03-10 11:23,2050-02-10 11:23,ONGOING,Jmeter Tournament748,42
2020-02-10 11:23,2020-03-10 11:23,2050-02-10 11:23,ONGOING,Jmeter Tournament749,34
2020-02-10 11:23,2020-03-10 11:23,2050-02-10 11:23,ONGOING,Jmeter Tournament750,25
2020-02-10 11:23,2020-03-10 11:23,2050-02-10 11:23,ONGOING,Jmeter Tournament751,16
2020-02-10 11:23,2020-03-10 11:23,2050-02-10 11:23,ONGOING,Jmeter Tournament752,43
2020-02-10 11:23,2020-03-10 11:23,2050-02-10 11:23,ONGOING,Jmeter Tournament753,29
2020-02-10 11:23,2020-03-10 11:23,2050-02-10 11:23,ONGOING,Jmeter Tournament754,18
2020-02-10 11:23,2020-03-10 11:23,2050-02-10 11:23,ONGOING,Jmeter Tournament755,1
2020-02-10 11:23,2020-03-10 11:23,2050-02-10 11:23,ONGOING,Jmeter Tournament756,27
2020-02-10 11:23,2020-03-10 11:23,2050-02-10 11:23,ONGOING,Jmeter Tournament757,12
2020-02-10 11:23,2020-03-10 11:23,2050-02-10 11:23,ONGOING,Jmeter Tournament758,18
2020-02-10 11:23,2020-03-10 11:23,2050-02-10 11:23,ONGOING,Jmeter Tournament759,46
2020-02-10 11:23,2020-03-10 11:23,2050-02-10 11:23,ONGOING,Jmeter Tournament760,24
2020-02-10 11:23,2020-03-10 11:23,2050-02-10 11:23,ONGOING,Jmeter Tournament761,18
2020-02-10 11:23,2020-03-10 11:23,2050-02-10 11:23,ONGOING,Jmeter Tournament762,10
2020-02-10 11:23,2020-03-10 11:23,2050-02-10 11:23,ONGOING,Jmeter Tournament763,3
2020-02-10 11:23,2020-03-10 11:23,2050-02-10 11:23,ONGOING,Jmeter Tournament764,35
2020-02-10 11:23,2020-03-10 11:23,2050-02-10 11:23,ONGOING,Jmeter Tournament765,23
2020-02-10 11:23,2020-03-10 11:23,2050-02-10 11:23,ONGOING,Jmeter Tournament766,4
2020-02-10 11:23,2020-03-10 11:23,2050-02-10 11:23,ONGOING,Jmeter Tournament767,14
2020-02-10 11:23,2020-03-10 11:23,2050-02-10 11:23,ONGOING,Jmeter Tournament768,28
2020-02-10 11:23,2020-03-10 11:23,2050-02-10 11:23,ONGOING,Jmeter Tournament769,49
2020-02-10 11:23,2020-03-10 11:23,2050-02-10 11:23,ONGOING,Jmeter Tournament770,37
2020-02-10 11:23,2020-03-10 11:23,2050-02-10 11:23,ONGOING,Jmeter Tournament771,34
2020-02-10 11:23,2020-03-10 11:23,2050-02-10 11:23,ONGOING,Jmeter Tournament772,44
2020-02-10 11:23,2020-03-10 11:23,2050-02-10 11:23,ONGOING,Jmeter Tournament773,49
2020-02-10 11:23,2020-03-10 11:23,2050-02-10 11:23,ONGOING,Jmeter Tournament774,24
2020-02-10 11:23,2020-03-10 11:23,2050-02-10 11:23,ONGOING,Jmeter Tournament775,2
2020-02-10 11:23,2020-03-10 11:23,2050-02-10 11:23,ONGOING,Jmeter Tournament776,44
2020-02-10 11:23,2020-03-10 11:23,2050-02-10 11:23,ONGOING,Jmeter Tournament777,5
2020-02-10 11:23,2020-03-10 11:23,2050-02-10 11:23,ONGOING,Jmeter Tournament778,9
2020-02-10 11:23,2020-03-10 11:23,2050-02-10 11:23,ONGOING,Jmeter Tournament779,46
2020-02-10 11:23,2020-03-10 11:23,2050-02-10 11:23,ONGOING,Jmeter Tournament780,43
2020-02-10 11:23,2020-03-10 11:23,2050-02-10 11:23,ONGOING,Jmeter Tournament781,33
2020-02-10 11:23,2020-03-10 11:23,2050-02-10 11:23,ONGOING,Jmeter Tournament782,26
2020-02-10 11:23,2020-03-10 11:23,2050-02-10 11:23,ONGOING,Jmeter Tournament783,3
2020-02-10 11:23,2020-03-10 11:23,2050-02-10 11:23,ONGOING,Jmeter Tournament784,6
2020-02-10 11:23,2020-03-10 11:23,2050-02-10 11:23,ONGOING,Jmeter Tournament785,31
2020-02-10 11:23,2020-03-10 11:23,2050-02-10 11:23,ONGOING,Jmeter Tournament786,22
2020-02-10 11:23,2020-03-10 11:23,2050-02-10 11:23,ONGOING,Jmeter Tournament787,26
2020-02-10 11:23,2020-03-10 11:23,2050-02-10 11:23,ONGOING,Jmeter Tournament788,2
2020-02-10 11:23,2020-03-10 11:23,2050-02-10 11:23,ONGOING,Jmeter Tournament789,3
2020-02-10 11:23,2020-03-10 11:23,2050-02-10 11:23,ONGOING,Jmeter Tournament790,27
2020-02-10 11:23,2020-03-10 11:23,2050-02-10 11:23,ONGOING,Jmeter Tournament791,42
2020-02-10 11:23,2020-03-10 11:23,2050-02-10 11:23,ONGOING,Jmeter Tournament792,22
2020-02-10 11:23,2020-03-10 11:23,2050-02-10 11:23,ONGOING,Jmeter Tournament793,42
2020-02-10 11:23,2020-03-10 11:23,2050-02-10 11:23,ONGOING,Jmeter Tournament794,7
2020-02-10 11:23,2020-03-10 11:23,2050-02-10 11:23,ONGOING,Jmeter Tournament795,15
2020-02-10 11:23,2020-03-10 11:23,2050-02-10 11:23,ONGOING,Jmeter Tournament796,8
2020-02-10 11:23,2020-03-10 11:23,2050-02-10 11:23,ONGOING,Jmeter Tournament797,42
2020-02-10 11:23,2020-03-10 11:23,2050-02-10 11:23,ONGOING,Jmeter Tournament798,46
2020-02-10 11:23,2020-03-10 11:23,2050-02-10 11:23,ONGOING,Jmeter Tournament799,47
2020-02-10 11:23,2020-03-10 11:23,2050-02-10 11:23,ONGOING,Jmeter Tournament800,34
2020-02-10 11:23,2020-03-10 11:23,2050-02-10 11:23,ONGOING,Jmeter Tournament801,11
2020-02-10 11:23,2020-03-10 11:23,2050-02-10 11:23,ONGOING,Jmeter Tournament802,41
2020-02-10 11:23,2020-03-10 11:23,2050-02-10 11:23,ONGOING,Jmeter Tournament803,8
2020-02-10 11:23,2020-03-10 11:23,2050-02-10 11:23,ONGOING,Jmeter Tournament804,30
2020-02-10 11:23,2020-03-10 11:23,2050-02-10 11:23,ONGOING,Jmeter Tournament805,24
2020-02-10 11:23,2020-03-10 11:23,2050-02-10 11:23,ONGOING,Jmeter Tournament806,28
2020-02-10 11:23,2020-03-10 11:23,2050-02-10 11:23,ONGOING,Jmeter Tournament807,45
2020-02-10 11:23,2020-03-10 11:23,2050-02-10 11:23,ONGOING,Jmeter Tournament808,43
2020-02-10 11:23,2020-03-10 11:23,2050-02-10 11:23,ONGOING,Jmeter Tournament809,25
2020-02-10 11:23,2020-03-10 11:23,2050-02-10 11:23,ONGOING,Jmeter Tournament810,32
2020-02-10 11:23,2020-03-10 11:23,2050-02-10 11:23,ONGOING,Jmeter Tournament811,3
2020-02-10 11:23,2020-03-10 11:23,2050-02-10 11:23,ONGOING,Jmeter Tournament812,37
2020-02-10 11:23,2020-03-10 11:23,2050-02-10 11:23,ONGOING,Jmeter Tournament813,1
2020-02-10 11:23,2020-03-10 11:23,2050-02-10 11:23,ONGOING,Jmeter Tournament814,26
2020-02-10 11:23,2020-03-10 11:23,2050-02-10 11:23,ONGOING,Jmeter Tournament815,49
2020-02-10 11:23,2020-03-10 11:23,2050-02-10 11:23,ONGOING,Jmeter Tournament816,30
2020-02-10 11:23,2020-03-10 11:23,2050-02-10 11:23,ONGOING,Jmeter Tournament817,43
2020-02-10 11:23,2020-03-10 11:23,2050-02-10 11:23,ONGOING,Jmeter Tournament818,50
2020-02-10 11:23,2020-03-10 11:23,2050-02-10 11:23,ONGOING,Jmeter Tournament819,23
2020-02-10 11:23,2020-03-10 11:23,2050-02-10 11:23,ONGOING,Jmeter Tournament820,46
2020-02-10 11:23,2020-03-10 11:23,2050-02-10 11:23,ONGOING,Jmeter Tournament821,15
2020-02-10 11:23,2020-03-10 11:23,2050-02-10 11:23,ONGOING,Jmeter Tournament822,25
2020-02-10 11:23,2020-03-10 11:23,2050-02-10 11:23,ONGOING,Jmeter Tournament823,18
2020-02-10 11:23,2020-03-10 11:23,2050-02-10 11:23,ONGOING,Jmeter Tournament824,31
2020-02-10 11:23,2020-03-10 11:23,2050-02-10 11:23,ONGOING,Jmeter Tournament825,7
2020-02-10 11:23,2020-03-10 11:23,2050-02-10 11:23,ONGOING,Jmeter Tournament826,34
2020-02-10 11:23,2020-03-10 11:23,2050-02-10 11:23,ONGOING,Jmeter Tournament827,47
2020-02-10 11:23,2020-03-10 11:23,2050-02-10 11:23,ONGOING,Jmeter Tournament828,46
2020-02-10 11:23,2020-03-10 11:23,2050-02-10 11:23,ONGOING,Jmeter Tournament829,38
2020-02-10 11:23,2020-03-10 11:23,2050-02-10 11:23,ONGOING,Jmeter Tournament830,43
2020-02-10 11:23,2020-03-10 11:23,2050-02-10 11:23,ONGOING,Jmeter Tournament831,50
2020-02-10 11:23,2020-03-10 11:23,2050-02-10 11:23,ONGOING,Jmeter Tournament832,21
2020-02-10 11:23,2020-03-10 11:23,2050-02-10 11:23,ONGOING,Jmeter Tournament833,27
2020-02-10 11:23,2020-03-10 11:23,2050-02-10 11:23,ONGOING,Jmeter Tournament834,21
2020-02-10 11:23,2020-03-10 11:23,2050-02-10 11:23,ONGOING,Jmeter Tournament835,20
2020-02-10 11:23,2020-03-10 11:23,2050-02-10 11:23,ONGOING,Jmeter Tournament836,33
2020-02-10 11:23,2020-03-10 11:23,2050-02-10 11:23,ONGOING,Jmeter Tournament837,3
2020-02-10 11:23,2020-03-10 11:23,2050-02-10 11:23,ONGOING,Jmeter Tournament838,37
2020-02-10 11:23,2020-03-10 11:23,2050-02-10 11:23,ONGOING,Jmeter Tournament839,4
2020-02-10 11:23,2020-03-10 11:23,2050-02-10 11:23,ONGOING,Jmeter Tournament840,49
2020-02-10 11:23,2020-03-10 11:23,2050-02-10 11:23,ONGOING,Jmeter Tournament841,24
2020-02-10 11:23,2020-03-10 11:23,2050-02-10 11:23,ONGOING,Jmeter Tournament842,40
2020-02-10 11:23,2020-03-10 11:23,2050-02-10 11:23,ONGOING,Jmeter Tournament843,49
2020-02-10 11:23,2020-03-10 11:23,2050-02-10 11:23,ONGOING,Jmeter Tournament844,18
2020-02-10 11:23,2020-03-10 11:23,2050-02-10 11:23,ONGOING,Jmeter Tournament845,27
2020-02-10 11:23,2020-03-10 11:23,2050-02-10 11:23,ONGOING,Jmeter Tournament846,29
2020-02-10 11:23,2020-03-10 11:23,2050-02-10 11:23,ONGOING,Jmeter Tournament847,28
2020-02-10 11:23,2020-03-10 11:23,2050-02-10 11:23,ONGOING,Jmeter Tournament848,36
2020-02-10 11:23,2020-03-10 11:23,2050-02-10 11:23,ONGOING,Jmeter Tournament849,3
2020-02-10 11:23,2020-03-10 11:23,2050-02-10 11:23,ONGOING,Jmeter Tournament850,50
2020-02-10 11:23,2020-03-10 11:23,2050-02-10 11:23,ONGOING,Jmeter Tournament851,35
2020-02-10 11:23,2020-03-10 11:23,2050-02-10 11:23,ONGOING,Jmeter Tournament852,17
2020-02-10 11:23,2020-03-10 11:23,2050-02-10 11:23,ONGOING,Jmeter Tournament853,32
2020-02-10 11:23,2020-03-10 11:23,2050-02-10 11:23,ONGOING,Jmeter Tournament854,28
2020-02-10 11:23,2020-03-10 11:23,2050-02-10 11:23,ONGOING,Jmeter Tournament855,27
2020-02-10 11:23,2020-03-10 11:23,2050-02-10 11:23,ONGOING,Jmeter Tournament856,42
2020-02-10 11:23,2020-03-10 11:23,2050-02-10 11:23,ONGOING,Jmeter Tournament857,11
2020-02-10 11:23,2020-03-10 11:23,2050-02-10 11:23,ONGOING,Jmeter Tournament858,33
2020-02-10 11:23,2020-03-10 11:23,2050-02-10 11:23,ONGOING,Jmeter Tournament859,13
2020-02-10 11:23,2020-03-10 11:23,2050-02-10 11:23,ONGOING,Jmeter Tournament860,45
2020-02-10 11:23,2020-03-10 11:23,2050-02-10 11:23,ONGOING,Jmeter Tournament861,21
2020-02-10 11:23,2020-03-10 11:23,2050-02-10 11:23,ONGOING,Jmeter Tournament862,6
2020-02-10 11:23,2020-03-10 11:23,2050-02-10 11:23,ONGOING,Jmeter Tournament863,6
2020-02-10 11:23,2020-03-10 11:23,2050-02-10 11:23,ONGOING,Jmeter Tournament864,40
2020-02-10 11:23,2020-03-10 11:23,2050-02-10 11:23,ONGOING,Jmeter Tournament865,24
2020-02-10 11:23,2020-03-10 11:23,2050-02-10 11:23,ONGOING,Jmeter Tournament866,14
2020-02-10 11:23,2020-03-10 11:23,2050-02-10 11:23,ONGOING,Jmeter Tournament867,32
2020-02-10 11:23,2020-03-10 11:23,2050-02-10 11:23,ONGOING,Jmeter Tournament868,11
2020-02-10 11:23,2020-03-10 11:23,2050-02-10 11:23,ONGOING,Jmeter Tournament869,38
2020-02-10 11:23,2020-03-10 11:23,2050-02-10 11:23,ONGOING,Jmeter Tournament870,28
2020-02-10 11:23,2020-03-10 11:23,2050-02-10 11:23,ONGOING,Jmeter Tournament871,8
2020-02-10 11:23,2020-03-10 11:23,2050-02-10 11:23,ONGOING,Jmeter Tournament872,2
2020-02-10 11:23,2020-03-10 11:23,2050-02-10 11:23,ONGOING,Jmeter Tournament873,39
2020-02-10 11:23,2020-03-10 11:23,2050-02-10 11:23,ONGOING,Jmeter Tournament874,29
2020-02-10 11:23,2020-03-10 11:23,2050-02-10 11:23,ONGOING,Jmeter Tournament875,43
2020-02-10 11:23,2020-03-10 11:23,2050-02-10 11:23,ONGOING,Jmeter Tournament876,10
2020-02-10 11:23,2020-03-10 11:23,2050-02-10 11:23,ONGOING,Jmeter Tournament877,36
2020-02-10 11:23,2020-03-10 11:23,2050-02-10 11:23,ONGOING,Jmeter Tournament878,49
2020-02-10 11:23,2020-03-10 11:23,2050-02-10 11:23,ONGOING,Jmeter Tournament879,22
2020-02-10 11:23,2020-03-10 11:23,2050-02-10 11:23,ONGOING,Jmeter Tournament880,49
2020-02-10 11:23,2020-03-10 11:23,2050-02-10 11:23,ONGOING,Jmeter Tournament881,23
2020-02-10 11:23,2020-03-10 11:23,2050-02-10 11:23,ONGOING,Jmeter Tournament882,32
2020-02-10 11:23,2020-03-10 11:23,2050-02-10 11:23,ONGOING,Jmeter Tournament883,42
2020-02-10 11:23,2020-03-10 11:23,2050-02-10 11:23,ONGOING,Jmeter Tournament884,29
2020-02-10 11:23,2020-03-10 11:23,2050-02-10 11:23,ONGOING,Jmeter Tournament885,39
2020-02-10 11:23,2020-03-10 11:23,2050-02-10 11:23,ONGOING,Jmeter Tournament886,17
2020-02-10 11:23,2020-03-10 11:23,2050-02-10 11:23,ONGOING,Jmeter Tournament887,37
2020-02-10 11:23,2020-03-10 11:23,2050-02-10 11:23,ONGOING,Jmeter Tournament888,30
2020-02-10 11:23,2020-03-10 11:23,2050-02-10 11:23,ONGOING,Jmeter Tournament889,41
2020-02-10 11:23,2020-03-10 11:23,2050-02-10 11:23,ONGOING,Jmeter Tournament890,12
2020-02-10 11:23,2020-03-10 11:23,2050-02-10 11:23,ONGOING,Jmeter Tournament891,49
2020-02-10 11:23,2020-03-10 11:23,2050-02-10 11:23,ONGOING,Jmeter Tournament892,20
2020-02-10 11:23,2020-03-10 11:23,2050-02-10 11:23,ONGOING,Jmeter Tournament893,41
2020-02-10 11:23,2020-03-10 11:23,2050-02-10 11:23,ONGOING,Jmeter Tournament894,33
2020-02-10 11:23,2020-03-10 11:23,2050-02-10 11:23,ONGOING,Jmeter Tournament895,49
2020-02-10 11:23,2020-03-10 11:23,2050-02-10 11:23,ONGOING,Jmeter Tournament896,17
2020-02-10 11:23,2020-03-10 11:23,2050-02-10 11:23,ONGOING,Jmeter Tournament897,21
2020-02-10 11:23,2020-03-10 11:23,2050-02-10 11:23,ONGOING,Jmeter Tournament898,22
2020-02-10 11:23,2020-03-10 11:23,2050-02-10 11:23,ONGOING,Jmeter Tournament899,44
2020-02-10 11:23,2020-03-10 11:23,2050-02-10 11:23,ONGOING,Jmeter Tournament900,47
2020-02-10 11:23,2020-03-10 11:23,2050-02-10 11:23,ONGOING,Jmeter Tournament901,9
2020-02-10 11:23,2020-03-10 11:23,2050-02-10 11:23,ONGOING,Jmeter Tournament902,50
2020-02-10 11:23,2020-03-10 11:23,2050-02-10 11:23,ONGOING,Jmeter Tournament903,29
2020-02-10 11:23,2020-03-10 11:23,2050-02-10 11:23,ONGOING,Jmeter Tournament904,6
2020-02-10 11:23,2020-03-10 11:23,2050-02-10 11:23,ONGOING,Jmeter Tournament905,7
2020-02-10 11:23,2020-03-10 11:23,2050-02-10 11:23,ONGOING,Jmeter Tournament906,38
2020-02-10 11:23,2020-03-10 11:23,2050-02-10 11:23,ONGOING,Jmeter Tournament907,4
2020-02-10 11:23,2020-03-10 11:23,2050-02-10 11:23,ONGOING,Jmeter Tournament908,39
2020-02-10 11:23,2020-03-10 11:23,2050-02-10 11:23,ONGOING,Jmeter Tournament909,31
2020-02-10 11:23,2020-03-10 11:23,2050-02-10 11:23,ONGOING,Jmeter Tournament910,1
2020-02-10 11:23,2020-03-10 11:23,2050-02-10 11:23,ONGOING,Jmeter Tournament911,15
2020-02-10 11:23,2020-03-10 11:23,2050-02-10 11:23,ONGOING,Jmeter Tournament912,7
2020-02-10 11:23,2020-03-10 11:23,2050-02-10 11:23,ONGOING,Jmeter Tournament913,19
2020-02-10 11:23,2020-03-10 11:23,2050-02-10 11:23,ONGOING,Jmeter Tournament914,1
2020-02-10 11:23,2020-03-10 11:23,2050-02-10 11:23,ONGOING,Jmeter Tournament915,13
2020-02-10 11:23,2020-03-10 11:23,2050-02-10 11:23,ONGOING,Jmeter Tournament916,50
2020-02-10 11:23,2020-03-10 11:23,2050-02-10 11:23,ONGOING,Jmeter Tournament917,41
2020-02-10 11:23,2020-03-10 11:23,2050-02-10 11:23,ONGOING,Jmeter Tournament918,49
2020-02-10 11:23,2020-03-10 11:23,2050-02-10 11:23,ONGOING,Jmeter Tournament919,26
2020-02-10 11:23,2020-03-10 11:23,2050-02-10 11:23,ONGOING,Jmeter Tournament920,30
2020-02-10 11:23,2020-03-10 11:23,2050-02-10 11:23,ONGOING,Jmeter Tournament921,22
2020-02-10 11:23,2020-03-10 11:23,2050-02-10 11:23,ONGOING,Jmeter Tournament922,9
2020-02-10 11:23,2020-03-10 11:23,2050-02-10 11:23,ONGOING,Jmeter Tournament923,49
2020-02-10 11:23,2020-03-10 11:23,2050-02-10 11:23,ONGOING,Jmeter Tournament924,37
2020-02-10 11:23,2020-03-10 11:23,2050-02-10 11:23,ONGOING,Jmeter Tournament925,45
2020-02-10 11:23,2020-03-10 11:23,2050-02-10 11:23,ONGOING,Jmeter Tournament926,30
2020-02-10 11:23,2020-03-10 11:23,2050-02-10 11:23,ONGOING,Jmeter Tournament927,23
2020-02-10 11:23,2020-03-10 11:23,2050-02-10 11:23,ONGOING,Jmeter Tournament928,27
2020-02-10 11:23,2020-03-10 11:23,2050-02-10 11:23,ONGOING,Jmeter Tournament929,39
2020-02-10 11:23,2020-03-10 11:23,2050-02-10 11:23,ONGOING,Jmeter Tournament930,46
2020-02-10 11:23,2020-03-10 11:23,2050-02-10 11:23,ONGOING,Jmeter Tournament931,23
2020-02-10 11:23,2020-03-10 11:23,2050-02-10 11:23,ONGOING,Jmeter Tournament932,21
2020-02-10 11:23,2020-03-10 11:23,2050-02-10 11:23,ONGOING,Jmeter Tournament933,48
2020-02-10 11:23,2020-03-10 11:23,2050-02-10 11:23,ONGOING,Jmeter Tournament934,8
2020-02-10 11:23,2020-03-10 11:23,2050-02-10 11:23,ONGOING,Jmeter Tournament935,35
2020-02-10 11:23,2020-03-10 11:23,2050-02-10 11:23,ONGOING,Jmeter Tournament936,30
2020-02-10 11:23,2020-03-10 11:23,2050-02-10 11:23,ONGOING,Jmeter Tournament937,11
2020-02-10 11:23,2020-03-10 11:23,2050-02-10 11:23,ONGOING,Jmeter Tournament938,46
2020-02-10 11:23,2020-03-10 11:23,2050-02-10 11:23,ONGOING,Jmeter Tournament939,3
2020-02-10 11:23,2020-03-10 11:23,2050-02-10 11:23,ONGOING,Jmeter Tournament940,4
2020-02-10 11:23,2020-03-10 11:23,2050-02-10 11:23,ONGOING,Jmeter Tournament941,38
2020-02-10 11:23,2020-03-10 11:23,2050-02-10 11:23,ONGOING,Jmeter Tournament942,22
2020-02-10 11:23,2020-03-10 11:23,2050-02-10 11:23,ONGOING,Jmeter Tournament943,8
2020-02-10 11:23,2020-03-10 11:23,2050-02-10 11:23,ONGOING,Jmeter Tournament944,34
2020-02-10 11:23,2020-03-10 11:23,2050-02-10 11:23,ONGOING,Jmeter Tournament945,38
2020-02-10 11:23,2020-03-10 11:23,2050-02-10 11:23,ONGOING,Jmeter Tournament946,1
2020-02-10 11:23,2020-03-10 11:23,2050-02-10 11:23,ONGOING,Jmeter Tournament947,20
2020-02-10 11:23,2020-03-10 11:23,2050-02-10 11:23,ONGOING,Jmeter Tournament948,4
2020-02-10 11:23,2020-03-10 11:23,2050-02-10 11:23,ONGOING,Jmeter Tournament949,8
2020-02-10 11:23,2020-03-10 11:23,2050-02-10 11:23,ONGOING,Jmeter Tournament950,16
2020-02-10 11:23,2020-03-10 11:23,2050-02-10 11:23,ONGOING,Jmeter Tournament951,8
2020-02-10 11:23,2020-03-10 11:23,2050-02-10 11:23,ONGOING,Jmeter Tournament952,36
2020-02-10 11:23,2020-03-10 11:23,2050-02-10 11:23,ONGOING,Jmeter Tournament953,38
2020-02-10 11:23,2020-03-10 11:23,2050-02-10 11:23,ONGOING,Jmeter Tournament954,29
2020-02-10 11:23,2020-03-10 11:23,2050-02-10 11:23,ONGOING,Jmeter Tournament955,1
2020-02-10 11:23,2020-03-10 11:23,2050-02-10 11:23,ONGOING,Jmeter Tournament956,45
2020-02-10 11:23,2020-03-10 11:23,2050-02-10 11:23,ONGOING,Jmeter Tournament957,42
2020-02-10 11:23,2020-03-10 11:23,2050-02-10 11:23,ONGOING,Jmeter Tournament958,16
2020-02-10 11:23,2020-03-10 11:23,2050-02-10 11:23,ONGOING,Jmeter Tournament959,32
2020-02-10 11:23,2020-03-10 11:23,2050-02-10 11:23,ONGOING,Jmeter Tournament960,9
2020-02-10 11:23,2020-03-10 11:23,2050-02-10 11:23,ONGOING,Jmeter Tournament961,33
2020-02-10 11:23,2020-03-10 11:23,2050-02-10 11:23,ONGOING,Jmeter Tournament962,15
2020-02-10 11:23,2020-03-10 11:23,2050-02-10 11:23,ONGOING,Jmeter Tournament963,19
2020-02-10 11:23,2020-03-10 11:23,2050-02-10 11:23,ONGOING,Jmeter Tournament964,35
2020-02-10 11:23,2020-03-10 11:23,2050-02-10 11:23,ONGOING,Jmeter Tournament965,1
2020-02-10 11:23,2020-03-10 11:23,2050-02-10 11:23,ONGOING,Jmeter Tournament966,49
2020-02-10 11:23,2020-03-10 11:23,2050-02-10 11:23,ONGOING,Jmeter Tournament967,49
2020-02-10 11:23,2020-03-10 11:23,2050-02-10 11:23,ONGOING,Jmeter Tournament968,49
2020-02-10 11:23,2020-03-10 11:23,2050-02-10 11:23,ONGOING,Jmeter Tournament969,43
2020-02-10 11:23,2020-03-10 11:23,2050-02-10 11:23,ONGOING,Jmeter Tournament970,41
2020-02-10 11:23,2020-03-10 11:23,2050-02-10 11:23,ONGOING,Jmeter Tournament971,41
2020-02-10 11:23,2020-03-10 11:23,2050-02-10 11:23,ONGOING,Jmeter Tournament972,37
2020-02-10 11:23,2020-03-10 11:23,2050-02-10 11:23,ONGOING,Jmeter Tournament973,29
2020-02-10 11:23,2020-03-10 11:23,2050-02-10 11:23,ONGOING,Jmeter Tournament974,6
2020-02-10 11:23,2020-03-10 11:23,2050-02-10 11:23,ONGOING,Jmeter Tournament975,34
2020-02-10 11:23,2020-03-10 11:23,2050-02-10 11:23,ONGOING,Jmeter Tournament976,28
2020-02-10 11:23,2020-03-10 11:23,2050-02-10 11:23,ONGOING,Jmeter Tournament977,26
2020-02-10 11:23,2020-03-10 11:23,2050-02-10 11:23,ONGOING,Jmeter Tournament978,41
2020-02-10 11:23,2020-03-10 11:23,2050-02-10 11:23,ONGOING,Jmeter Tournament979,21
2020-02-10 11:23,2020-03-10 11:23,2050-02-10 11:23,ONGOING,Jmeter Tournament980,27
2020-02-10 11:23,2020-03-10 11:23,2050-02-10 11:23,ONGOING,Jmeter Tournament981,29
2020-02-10 11:23,2020-03-10 11:23,2050-02-10 11:23,ONGOING,Jmeter Tournament982,45
2020-02-10 11:23,2020-03-10 11:23,2050-02-10 11:23,ONGOING,Jmeter Tournament983,32
2020-02-10 11:23,2020-03-10 11:23,2050-02-10 11:23,ONGOING,Jmeter Tournament984,12
2020-02-10 11:23,2020-03-10 11:23,2050-02-10 11:23,ONGOING,Jmeter Tournament985,14
2020-02-10 11:23,2020-03-10 11:23,2050-02-10 11:23,ONGOING,Jmeter Tournament986,42
2020-02-10 11:23,2020-03-10 11:23,2050-02-10 11:23,ONGOING,Jmeter Tournament987,6
2020-02-10 11:23,2020-03-10 11:23,2050-02-10 11:23,ONGOING,Jmeter Tournament988,37
2020-02-10 11:23,2020-03-10 11:23,2050-02-10 11:23,ONGOING,Jmeter Tournament989,39
2020-02-10 11:23,2020-03-10 11:23,2050-02-10 11:23,ONGOING,Jmeter Tournament990,48
2020-02-10 11:23,2020-03-10 11:23,2050-02-10 11:23,ONGOING,Jmeter Tournament991,29
2020-02-10 11:23,2020-03-10 11:23,2050-02-10 11:23,ONGOING,Jmeter Tournament992,17
2020-02-10 11:23,2020-03-10 11:23,2050-02-10 11:23,ONGOING,Jmeter Tournament993,33
2020-02-10 11:23,2020-03-10 11:23,2050-02-10 11:23,ONGOING,Jmeter Tournament994,1
2020-02-10 11:23,2020-03-10 11:23,2050-02-10 11:23,ONGOING,Jmeter Tournament995,35
2020-02-10 11:23,2020-03-10 11:23,2050-02-10 11:23,ONGOING,Jmeter Tournament996,37
2020-02-10 11:23,2020-03-10 11:23,2050-02-10 11:23,ONGOING,Jmeter Tournament997,9
2020-02-10 11:23,2020-03-10 11:23,2050-02-10 11:23,ONGOING,Jmeter Tournament998,10
2020-02-10 11:23,2020-03-10 11:23,2050-02-10 11:23,ONGOING,Jmeter Tournament999,25
2020-02-10 11:23,2020-03-10 11:23,2050-02-10 11:23,ONGOING,Jmeter Tournament1000,50
