ENROLL,tournTest_1_1,23-05-20 10:50,23-05-20 10:51,23-05-20 10:52
ENROLL,tournTest_1_2,24-05-20 10:50,24-05-20 10:51,24-05-20 10:52
ENROLL,tournTest_1_3,25-05-20 10:50,25-05-20 10:51,25-05-20 10:52
ENROLL,tournTest_1_4,26-05-20 10:50,26-05-20 10:51,26-05-20 10:52
ENROLL,tournTest_1_5,27-05-20 10:50,27-05-20 10:51,27-05-20 10:52
ENROLL,tournTest_1_6,28-05-20 10:50,28-05-20 10:51,28-05-20 10:52
ENROLL,tournTest_1_7,29-05-20 10:50,29-05-20 10:51,29-05-20 10:52
ENROLL,tournTest_1_8,30-05-20 10:50,30-05-20 10:51,30-05-20 10:52
ENROLL,tournTest_1_9,31-05-20 10:50,31-05-20 10:51,31-05-20 10:52
ENROLL,tournTest_1_10,01-06-20 10:50,01-06-20 10:51,01-06-20 10:52
ENROLL,tournTest_2_1,02-06-20 10:50,02-06-20 10:51,02-06-20 10:52
ENROLL,tournTest_2_2,03-06-20 10:50,03-06-20 10:51,03-06-20 10:52
ENROLL,tournTest_2_3,04-06-20 10:50,04-06-20 10:51,04-06-20 10:52
ENROLL,tournTest_2_4,05-06-20 10:50,05-06-20 10:51,05-06-20 10:52
ENROLL,tournTest_2_5,06-06-20 10:50,06-06-20 10:51,06-06-20 10:52
ENROLL,tournTest_2_6,07-06-20 10:50,07-06-20 10:51,07-06-20 10:52
ENROLL,tournTest_2_7,08-06-20 10:50,08-06-20 10:51,08-06-20 10:52
ENROLL,tournTest_2_8,09-06-20 10:50,09-06-20 10:51,09-06-20 10:52
ENROLL,tournTest_2_9,10-06-20 10:50,10-06-20 10:51,10-06-20 10:52
ENROLL,tournTest_2_10,11-06-20 10:50,11-06-20 10:51,11-06-20 10:52
ENROLL,tournTest_3_1,12-06-20 10:50,12-06-20 10:51,12-06-20 10:52
ENROLL,tournTest_3_2,13-06-20 10:50,13-06-20 10:51,13-06-20 10:52
ENROLL,tournTest_3_3,14-06-20 10:50,14-06-20 10:51,14-06-20 10:52
ENROLL,tournTest_3_4,15-06-20 10:50,15-06-20 10:51,15-06-20 10:52
ENROLL,tournTest_3_5,16-06-20 10:50,16-06-20 10:51,16-06-20 10:52
ENROLL,tournTest_3_6,17-06-20 10:50,17-06-20 10:51,17-06-20 10:52
ENROLL,tournTest_3_7,18-06-20 10:50,18-06-20 10:51,18-06-20 10:52
ENROLL,tournTest_3_8,19-06-20 10:50,19-06-20 10:51,19-06-20 10:52
ENROLL,tournTest_3_9,20-06-20 10:50,20-06-20 10:51,20-06-20 10:52
ENROLL,tournTest_3_10,21-06-20 10:50,21-06-20 10:51,21-06-20 10:52
ENROLL,tournTest_4_1,22-06-20 10:50,22-06-20 10:51,22-06-20 10:52
ENROLL,tournTest_4_2,23-06-20 10:50,23-06-20 10:51,23-06-20 10:52
ENROLL,tournTest_4_3,24-06-20 10:50,24-06-20 10:51,24-06-20 10:52
ENROLL,tournTest_4_4,25-06-20 10:50,25-06-20 10:51,25-06-20 10:52
ENROLL,tournTest_4_5,26-06-20 10:50,26-06-20 10:51,26-06-20 10:52
ENROLL,tournTest_4_6,27-06-20 10:50,27-06-20 10:51,27-06-20 10:52
ENROLL,tournTest_4_7,28-06-20 10:50,28-06-20 10:51,28-06-20 10:52
ENROLL,tournTest_4_8,29-06-20 10:50,29-06-20 10:51,29-06-20 10:52
ENROLL,tournTest_4_9,30-06-20 10:50,30-06-20 10:51,30-06-20 10:52
ENROLL,tournTest_4_10,01-07-20 10:50,01-07-20 10:51,01-07-20 10:52
ENROLL,tournTest_5_1,02-07-20 10:50,02-07-20 10:51,02-07-20 10:52
ENROLL,tournTest_5_2,03-07-20 10:50,03-07-20 10:51,03-07-20 10:52
ENROLL,tournTest_5_3,04-07-20 10:50,04-07-20 10:51,04-07-20 10:52
ENROLL,tournTest_5_4,05-07-20 10:50,05-07-20 10:51,05-07-20 10:52
ENROLL,tournTest_5_5,06-07-20 10:50,06-07-20 10:51,06-07-20 10:52
ENROLL,tournTest_5_6,07-07-20 10:50,07-07-20 10:51,07-07-20 10:52
ENROLL,tournTest_5_7,08-07-20 10:50,08-07-20 10:51,08-07-20 10:52
ENROLL,tournTest_5_8,09-07-20 10:50,09-07-20 10:51,09-07-20 10:52
ENROLL,tournTest_5_9,10-07-20 10:50,10-07-20 10:51,10-07-20 10:52
ENROLL,tournTest_5_10,11-07-20 10:50,11-07-20 10:51,11-07-20 10:52
ENROLL,tournTest_6_1,12-07-20 10:50,12-07-20 10:51,12-07-20 10:52
ENROLL,tournTest_6_2,13-07-20 10:50,13-07-20 10:51,13-07-20 10:52
ENROLL,tournTest_6_3,14-07-20 10:50,14-07-20 10:51,14-07-20 10:52
ENROLL,tournTest_6_4,15-07-20 10:50,15-07-20 10:51,15-07-20 10:52
ENROLL,tournTest_6_5,16-07-20 10:50,16-07-20 10:51,16-07-20 10:52
ENROLL,tournTest_6_6,17-07-20 10:50,17-07-20 10:51,17-07-20 10:52
ENROLL,tournTest_6_7,18-07-20 10:50,18-07-20 10:51,18-07-20 10:52
ENROLL,tournTest_6_8,19-07-20 10:50,19-07-20 10:51,19-07-20 10:52
ENROLL,tournTest_6_9,20-07-20 10:50,20-07-20 10:51,20-07-20 10:52
ENROLL,tournTest_6_10,21-07-20 10:50,21-07-20 10:51,21-07-20 10:52
ENROLL,tournTest_7_1,22-07-20 10:50,22-07-20 10:51,22-07-20 10:52
ENROLL,tournTest_7_2,23-07-20 10:50,23-07-20 10:51,23-07-20 10:52
ENROLL,tournTest_7_3,24-07-20 10:50,24-07-20 10:51,24-07-20 10:52
ENROLL,tournTest_7_4,25-07-20 10:50,25-07-20 10:51,25-07-20 10:52
ENROLL,tournTest_7_5,26-07-20 10:50,26-07-20 10:51,26-07-20 10:52
ENROLL,tournTest_7_6,27-07-20 10:50,27-07-20 10:51,27-07-20 10:52
ENROLL,tournTest_7_7,28-07-20 10:50,28-07-20 10:51,28-07-20 10:52
ENROLL,tournTest_7_8,29-07-20 10:50,29-07-20 10:51,29-07-20 10:52
ENROLL,tournTest_7_9,30-07-20 10:50,30-07-20 10:51,30-07-20 10:52
ENROLL,tournTest_7_10,31-07-20 10:50,31-07-20 10:51,31-07-20 10:52
ENROLL,tournTest_8_1,01-08-20 10:50,01-08-20 10:51,01-08-20 10:52
ENROLL,tournTest_8_2,02-08-20 10:50,02-08-20 10:51,02-08-20 10:52
ENROLL,tournTest_8_3,03-08-20 10:50,03-08-20 10:51,03-08-20 10:52
ENROLL,tournTest_8_4,04-08-20 10:50,04-08-20 10:51,04-08-20 10:52
ENROLL,tournTest_8_5,05-08-20 10:50,05-08-20 10:51,05-08-20 10:52
ENROLL,tournTest_8_6,06-08-20 10:50,06-08-20 10:51,06-08-20 10:52
ENROLL,tournTest_8_7,07-08-20 10:50,07-08-20 10:51,07-08-20 10:52
ENROLL,tournTest_8_8,08-08-20 10:50,08-08-20 10:51,08-08-20 10:52
ENROLL,tournTest_8_9,09-08-20 10:50,09-08-20 10:51,09-08-20 10:52
ENROLL,tournTest_8_10,10-08-20 10:50,10-08-20 10:51,10-08-20 10:52
ENROLL,tournTest_9_1,11-08-20 10:50,11-08-20 10:51,11-08-20 10:52
ENROLL,tournTest_9_2,12-08-20 10:50,12-08-20 10:51,12-08-20 10:52
ENROLL,tournTest_9_3,13-08-20 10:50,13-08-20 10:51,13-08-20 10:52
ENROLL,tournTest_9_4,14-08-20 10:50,14-08-20 10:51,14-08-20 10:52
ENROLL,tournTest_9_5,15-08-20 10:50,15-08-20 10:51,15-08-20 10:52
ENROLL,tournTest_9_6,16-08-20 10:50,16-08-20 10:51,16-08-20 10:52
ENROLL,tournTest_9_7,17-08-20 10:50,17-08-20 10:51,17-08-20 10:52
ENROLL,tournTest_9_8,18-08-20 10:50,18-08-20 10:51,18-08-20 10:52
ENROLL,tournTest_9_9,19-08-20 10:50,19-08-20 10:51,19-08-20 10:52
ENROLL,tournTest_9_10,20-08-20 10:50,20-08-20 10:51,20-08-20 10:52
ENROLL,tournTest_10_1,21-08-20 10:50,21-08-20 10:51,21-08-20 10:52
ENROLL,tournTest_10_2,22-08-20 10:50,22-08-20 10:51,22-08-20 10:52
ENROLL,tournTest_10_3,23-08-20 10:50,23-08-20 10:51,23-08-20 10:52
ENROLL,tournTest_10_4,24-08-20 10:50,24-08-20 10:51,24-08-20 10:52
ENROLL,tournTest_10_5,25-08-20 10:50,25-08-20 10:51,25-08-20 10:52
ENROLL,tournTest_10_6,26-08-20 10:50,26-08-20 10:51,26-08-20 10:52
ENROLL,tournTest_10_7,27-08-20 10:50,27-08-20 10:51,27-08-20 10:52
ENROLL,tournTest_10_8,28-08-20 10:50,28-08-20 10:51,28-08-20 10:52
ENROLL,tournTest_10_9,29-08-20 10:50,29-08-20 10:51,29-08-20 10:52
ENROLL,tournTest_10_10,30-08-20 10:50,30-08-20 10:51,30-08-20 10:52
ENROLL,tournTest_11_1,31-08-20 10:50,31-08-20 10:51,31-08-20 10:52
ENROLL,tournTest_11_2,01-09-20 10:50,01-09-20 10:51,01-09-20 10:52
ENROLL,tournTest_11_3,02-09-20 10:50,02-09-20 10:51,02-09-20 10:52
ENROLL,tournTest_11_4,03-09-20 10:50,03-09-20 10:51,03-09-20 10:52
ENROLL,tournTest_11_5,04-09-20 10:50,04-09-20 10:51,04-09-20 10:52
ENROLL,tournTest_11_6,05-09-20 10:50,05-09-20 10:51,05-09-20 10:52
ENROLL,tournTest_11_7,06-09-20 10:50,06-09-20 10:51,06-09-20 10:52
ENROLL,tournTest_11_8,07-09-20 10:50,07-09-20 10:51,07-09-20 10:52
ENROLL,tournTest_11_9,08-09-20 10:50,08-09-20 10:51,08-09-20 10:52
ENROLL,tournTest_11_10,09-09-20 10:50,09-09-20 10:51,09-09-20 10:52
ENROLL,tournTest_12_1,10-09-20 10:50,10-09-20 10:51,10-09-20 10:52
ENROLL,tournTest_12_2,11-09-20 10:50,11-09-20 10:51,11-09-20 10:52
ENROLL,tournTest_12_3,12-09-20 10:50,12-09-20 10:51,12-09-20 10:52
ENROLL,tournTest_12_4,13-09-20 10:50,13-09-20 10:51,13-09-20 10:52
ENROLL,tournTest_12_5,14-09-20 10:50,14-09-20 10:51,14-09-20 10:52
ENROLL,tournTest_12_6,15-09-20 10:50,15-09-20 10:51,15-09-20 10:52
ENROLL,tournTest_12_7,16-09-20 10:50,16-09-20 10:51,16-09-20 10:52
ENROLL,tournTest_12_8,17-09-20 10:50,17-09-20 10:51,17-09-20 10:52
ENROLL,tournTest_12_9,18-09-20 10:50,18-09-20 10:51,18-09-20 10:52
ENROLL,tournTest_12_10,19-09-20 10:50,19-09-20 10:51,19-09-20 10:52
ENROLL,tournTest_13_1,20-09-20 10:50,20-09-20 10:51,20-09-20 10:52
ENROLL,tournTest_13_2,21-09-20 10:50,21-09-20 10:51,21-09-20 10:52
ENROLL,tournTest_13_3,22-09-20 10:50,22-09-20 10:51,22-09-20 10:52
ENROLL,tournTest_13_4,23-09-20 10:50,23-09-20 10:51,23-09-20 10:52
ENROLL,tournTest_13_5,24-09-20 10:50,24-09-20 10:51,24-09-20 10:52
ENROLL,tournTest_13_6,25-09-20 10:50,25-09-20 10:51,25-09-20 10:52
ENROLL,tournTest_13_7,26-09-20 10:50,26-09-20 10:51,26-09-20 10:52
ENROLL,tournTest_13_8,27-09-20 10:50,27-09-20 10:51,27-09-20 10:52
ENROLL,tournTest_13_9,28-09-20 10:50,28-09-20 10:51,28-09-20 10:52
ENROLL,tournTest_13_10,29-09-20 10:50,29-09-20 10:51,29-09-20 10:52
ENROLL,tournTest_14_1,30-09-20 10:50,30-09-20 10:51,30-09-20 10:52
ENROLL,tournTest_14_2,01-10-20 10:50,01-10-20 10:51,01-10-20 10:52
ENROLL,tournTest_14_3,02-10-20 10:50,02-10-20 10:51,02-10-20 10:52
ENROLL,tournTest_14_4,03-10-20 10:50,03-10-20 10:51,03-10-20 10:52
ENROLL,tournTest_14_5,04-10-20 10:50,04-10-20 10:51,04-10-20 10:52
ENROLL,tournTest_14_6,05-10-20 10:50,05-10-20 10:51,05-10-20 10:52
ENROLL,tournTest_14_7,06-10-20 10:50,06-10-20 10:51,06-10-20 10:52
ENROLL,tournTest_14_8,07-10-20 10:50,07-10-20 10:51,07-10-20 10:52
ENROLL,tournTest_14_9,08-10-20 10:50,08-10-20 10:51,08-10-20 10:52
ENROLL,tournTest_14_10,09-10-20 10:50,09-10-20 10:51,09-10-20 10:52
ENROLL,tournTest_15_1,10-10-20 10:50,10-10-20 10:51,10-10-20 10:52
ENROLL,tournTest_15_2,11-10-20 10:50,11-10-20 10:51,11-10-20 10:52
ENROLL,tournTest_15_3,12-10-20 10:50,12-10-20 10:51,12-10-20 10:52
ENROLL,tournTest_15_4,13-10-20 10:50,13-10-20 10:51,13-10-20 10:52
ENROLL,tournTest_15_5,14-10-20 10:50,14-10-20 10:51,14-10-20 10:52
ENROLL,tournTest_15_6,15-10-20 10:50,15-10-20 10:51,15-10-20 10:52
ENROLL,tournTest_15_7,16-10-20 10:50,16-10-20 10:51,16-10-20 10:52
ENROLL,tournTest_15_8,17-10-20 10:50,17-10-20 10:51,17-10-20 10:52
ENROLL,tournTest_15_9,18-10-20 10:50,18-10-20 10:51,18-10-20 10:52
ENROLL,tournTest_15_10,19-10-20 10:50,19-10-20 10:51,19-10-20 10:52
ENROLL,tournTest_16_1,20-10-20 10:50,20-10-20 10:51,20-10-20 10:52
ENROLL,tournTest_16_2,21-10-20 10:50,21-10-20 10:51,21-10-20 10:52
ENROLL,tournTest_16_3,22-10-20 10:50,22-10-20 10:51,22-10-20 10:52
ENROLL,tournTest_16_4,23-10-20 10:50,23-10-20 10:51,23-10-20 10:52
ENROLL,tournTest_16_5,24-10-20 10:50,24-10-20 10:51,24-10-20 10:52
ENROLL,tournTest_16_6,25-10-20 10:50,25-10-20 10:51,25-10-20 10:52
ENROLL,tournTest_16_7,26-10-20 10:50,26-10-20 10:51,26-10-20 10:52
ENROLL,tournTest_16_8,27-10-20 10:50,27-10-20 10:51,27-10-20 10:52
ENROLL,tournTest_16_9,28-10-20 10:50,28-10-20 10:51,28-10-20 10:52
ENROLL,tournTest_16_10,29-10-20 10:50,29-10-20 10:51,29-10-20 10:52
ENROLL,tournTest_17_1,30-10-20 10:50,30-10-20 10:51,30-10-20 10:52
ENROLL,tournTest_17_2,31-10-20 10:50,31-10-20 10:51,31-10-20 10:52
ENROLL,tournTest_17_3,01-11-20 10:50,01-11-20 10:51,01-11-20 10:52
ENROLL,tournTest_17_4,02-11-20 10:50,02-11-20 10:51,02-11-20 10:52
ENROLL,tournTest_17_5,03-11-20 10:50,03-11-20 10:51,03-11-20 10:52
ENROLL,tournTest_17_6,04-11-20 10:50,04-11-20 10:51,04-11-20 10:52
ENROLL,tournTest_17_7,05-11-20 10:50,05-11-20 10:51,05-11-20 10:52
ENROLL,tournTest_17_8,06-11-20 10:50,06-11-20 10:51,06-11-20 10:52
ENROLL,tournTest_17_9,07-11-20 10:50,07-11-20 10:51,07-11-20 10:52
ENROLL,tournTest_17_10,08-11-20 10:50,08-11-20 10:51,08-11-20 10:52
ENROLL,tournTest_18_1,09-11-20 10:50,09-11-20 10:51,09-11-20 10:52
ENROLL,tournTest_18_2,10-11-20 10:50,10-11-20 10:51,10-11-20 10:52
ENROLL,tournTest_18_3,11-11-20 10:50,11-11-20 10:51,11-11-20 10:52
ENROLL,tournTest_18_4,12-11-20 10:50,12-11-20 10:51,12-11-20 10:52
ENROLL,tournTest_18_5,13-11-20 10:50,13-11-20 10:51,13-11-20 10:52
ENROLL,tournTest_18_6,14-11-20 10:50,14-11-20 10:51,14-11-20 10:52
ENROLL,tournTest_18_7,15-11-20 10:50,15-11-20 10:51,15-11-20 10:52
ENROLL,tournTest_18_8,16-11-20 10:50,16-11-20 10:51,16-11-20 10:52
ENROLL,tournTest_18_9,17-11-20 10:50,17-11-20 10:51,17-11-20 10:52
ENROLL,tournTest_18_10,18-11-20 10:50,18-11-20 10:51,18-11-20 10:52
ENROLL,tournTest_19_1,19-11-20 10:50,19-11-20 10:51,19-11-20 10:52
ENROLL,tournTest_19_2,20-11-20 10:50,20-11-20 10:51,20-11-20 10:52
ENROLL,tournTest_19_3,21-11-20 10:50,21-11-20 10:51,21-11-20 10:52
ENROLL,tournTest_19_4,22-11-20 10:50,22-11-20 10:51,22-11-20 10:52
ENROLL,tournTest_19_5,23-11-20 10:50,23-11-20 10:51,23-11-20 10:52
ENROLL,tournTest_19_6,24-11-20 10:50,24-11-20 10:51,24-11-20 10:52
ENROLL,tournTest_19_7,25-11-20 10:50,25-11-20 10:51,25-11-20 10:52
ENROLL,tournTest_19_8,26-11-20 10:50,26-11-20 10:51,26-11-20 10:52
ENROLL,tournTest_19_9,27-11-20 10:50,27-11-20 10:51,27-11-20 10:52
ENROLL,tournTest_19_10,28-11-20 10:50,28-11-20 10:51,28-11-20 10:52
ENROLL,tournTest_20_1,29-11-20 10:50,29-11-20 10:51,29-11-20 10:52
ENROLL,tournTest_20_2,30-11-20 10:50,30-11-20 10:51,30-11-20 10:52
ENROLL,tournTest_20_3,01-12-20 10:50,01-12-20 10:51,01-12-20 10:52
ENROLL,tournTest_20_4,02-12-20 10:50,02-12-20 10:51,02-12-20 10:52
ENROLL,tournTest_20_5,03-12-20 10:50,03-12-20 10:51,03-12-20 10:52
ENROLL,tournTest_20_6,04-12-20 10:50,04-12-20 10:51,04-12-20 10:52
ENROLL,tournTest_20_7,05-12-20 10:50,05-12-20 10:51,05-12-20 10:52
ENROLL,tournTest_20_8,06-12-20 10:50,06-12-20 10:51,06-12-20 10:52
ENROLL,tournTest_20_9,07-12-20 10:50,07-12-20 10:51,07-12-20 10:52
ENROLL,tournTest_20_10,08-12-20 10:50,08-12-20 10:51,08-12-20 10:52
ENROLL,tournTest_21_1,09-12-20 10:50,09-12-20 10:51,09-12-20 10:52
ENROLL,tournTest_21_2,10-12-20 10:50,10-12-20 10:51,10-12-20 10:52
ENROLL,tournTest_21_3,11-12-20 10:50,11-12-20 10:51,11-12-20 10:52
ENROLL,tournTest_21_4,12-12-20 10:50,12-12-20 10:51,12-12-20 10:52
ENROLL,tournTest_21_5,13-12-20 10:50,13-12-20 10:51,13-12-20 10:52
ENROLL,tournTest_21_6,14-12-20 10:50,14-12-20 10:51,14-12-20 10:52
ENROLL,tournTest_21_7,15-12-20 10:50,15-12-20 10:51,15-12-20 10:52
ENROLL,tournTest_21_8,16-12-20 10:50,16-12-20 10:51,16-12-20 10:52
ENROLL,tournTest_21_9,17-12-20 10:50,17-12-20 10:51,17-12-20 10:52
ENROLL,tournTest_21_10,18-12-20 10:50,18-12-20 10:51,18-12-20 10:52
ENROLL,tournTest_22_1,19-12-20 10:50,19-12-20 10:51,19-12-20 10:52
ENROLL,tournTest_22_2,20-12-20 10:50,20-12-20 10:51,20-12-20 10:52
ENROLL,tournTest_22_3,21-12-20 10:50,21-12-20 10:51,21-12-20 10:52
ENROLL,tournTest_22_4,22-12-20 10:50,22-12-20 10:51,22-12-20 10:52
ENROLL,tournTest_22_5,23-12-20 10:50,23-12-20 10:51,23-12-20 10:52
ENROLL,tournTest_22_6,24-12-20 10:50,24-12-20 10:51,24-12-20 10:52
ENROLL,tournTest_22_7,25-12-20 10:50,25-12-20 10:51,25-12-20 10:52
ENROLL,tournTest_22_8,26-12-20 10:50,26-12-20 10:51,26-12-20 10:52
ENROLL,tournTest_22_9,27-12-20 10:50,27-12-20 10:51,27-12-20 10:52
ENROLL,tournTest_22_10,28-12-20 10:50,28-12-20 10:51,28-12-20 10:52
ENROLL,tournTest_23_1,29-12-20 10:50,29-12-20 10:51,29-12-20 10:52
ENROLL,tournTest_23_2,30-12-20 10:50,30-12-20 10:51,30-12-20 10:52
ENROLL,tournTest_23_3,31-12-20 10:50,31-12-20 10:51,31-12-20 10:52
ENROLL,tournTest_23_4,01-01-21 10:50,01-01-21 10:51,01-01-21 10:52
ENROLL,tournTest_23_5,02-01-21 10:50,02-01-21 10:51,02-01-21 10:52
ENROLL,tournTest_23_6,03-01-21 10:50,03-01-21 10:51,03-01-21 10:52
ENROLL,tournTest_23_7,04-01-21 10:50,04-01-21 10:51,04-01-21 10:52
ENROLL,tournTest_23_8,05-01-21 10:50,05-01-21 10:51,05-01-21 10:52
ENROLL,tournTest_23_9,06-01-21 10:50,06-01-21 10:51,06-01-21 10:52
ENROLL,tournTest_23_10,07-01-21 10:50,07-01-21 10:51,07-01-21 10:52
ENROLL,tournTest_24_1,08-01-21 10:50,08-01-21 10:51,08-01-21 10:52
ENROLL,tournTest_24_2,09-01-21 10:50,09-01-21 10:51,09-01-21 10:52
ENROLL,tournTest_24_3,10-01-21 10:50,10-01-21 10:51,10-01-21 10:52
ENROLL,tournTest_24_4,11-01-21 10:50,11-01-21 10:51,11-01-21 10:52
ENROLL,tournTest_24_5,12-01-21 10:50,12-01-21 10:51,12-01-21 10:52
ENROLL,tournTest_24_6,13-01-21 10:50,13-01-21 10:51,13-01-21 10:52
ENROLL,tournTest_24_7,14-01-21 10:50,14-01-21 10:51,14-01-21 10:52
ENROLL,tournTest_24_8,15-01-21 10:50,15-01-21 10:51,15-01-21 10:52
ENROLL,tournTest_24_9,16-01-21 10:50,16-01-21 10:51,16-01-21 10:52
ENROLL,tournTest_24_10,17-01-21 10:50,17-01-21 10:51,17-01-21 10:52
ENROLL,tournTest_25_1,18-01-21 10:50,18-01-21 10:51,18-01-21 10:52
ENROLL,tournTest_25_2,19-01-21 10:50,19-01-21 10:51,19-01-21 10:52
ENROLL,tournTest_25_3,20-01-21 10:50,20-01-21 10:51,20-01-21 10:52
ENROLL,tournTest_25_4,21-01-21 10:50,21-01-21 10:51,21-01-21 10:52
ENROLL,tournTest_25_5,22-01-21 10:50,22-01-21 10:51,22-01-21 10:52
ENROLL,tournTest_25_6,23-01-21 10:50,23-01-21 10:51,23-01-21 10:52
ENROLL,tournTest_25_7,24-01-21 10:50,24-01-21 10:51,24-01-21 10:52
ENROLL,tournTest_25_8,25-01-21 10:50,25-01-21 10:51,25-01-21 10:52
ENROLL,tournTest_25_9,26-01-21 10:50,26-01-21 10:51,26-01-21 10:52
ENROLL,tournTest_25_10,27-01-21 10:50,27-01-21 10:51,27-01-21 10:52
ENROLL,tournTest_26_1,28-01-21 10:50,28-01-21 10:51,28-01-21 10:52
ENROLL,tournTest_26_2,29-01-21 10:50,29-01-21 10:51,29-01-21 10:52
ENROLL,tournTest_26_3,30-01-21 10:50,30-01-21 10:51,30-01-21 10:52
ENROLL,tournTest_26_4,31-01-21 10:50,31-01-21 10:51,31-01-21 10:52
ENROLL,tournTest_26_5,01-02-21 10:50,01-02-21 10:51,01-02-21 10:52
ENROLL,tournTest_26_6,02-02-21 10:50,02-02-21 10:51,02-02-21 10:52
ENROLL,tournTest_26_7,03-02-21 10:50,03-02-21 10:51,03-02-21 10:52
ENROLL,tournTest_26_8,04-02-21 10:50,04-02-21 10:51,04-02-21 10:52
ENROLL,tournTest_26_9,05-02-21 10:50,05-02-21 10:51,05-02-21 10:52
ENROLL,tournTest_26_10,06-02-21 10:50,06-02-21 10:51,06-02-21 10:52
ENROLL,tournTest_27_1,07-02-21 10:50,07-02-21 10:51,07-02-21 10:52
ENROLL,tournTest_27_2,08-02-21 10:50,08-02-21 10:51,08-02-21 10:52
ENROLL,tournTest_27_3,09-02-21 10:50,09-02-21 10:51,09-02-21 10:52
ENROLL,tournTest_27_4,10-02-21 10:50,10-02-21 10:51,10-02-21 10:52
ENROLL,tournTest_27_5,11-02-21 10:50,11-02-21 10:51,11-02-21 10:52
ENROLL,tournTest_27_6,12-02-21 10:50,12-02-21 10:51,12-02-21 10:52
ENROLL,tournTest_27_7,13-02-21 10:50,13-02-21 10:51,13-02-21 10:52
ENROLL,tournTest_27_8,14-02-21 10:50,14-02-21 10:51,14-02-21 10:52
ENROLL,tournTest_27_9,15-02-21 10:50,15-02-21 10:51,15-02-21 10:52
ENROLL,tournTest_27_10,16-02-21 10:50,16-02-21 10:51,16-02-21 10:52
ENROLL,tournTest_28_1,17-02-21 10:50,17-02-21 10:51,17-02-21 10:52
ENROLL,tournTest_28_2,18-02-21 10:50,18-02-21 10:51,18-02-21 10:52
ENROLL,tournTest_28_3,19-02-21 10:50,19-02-21 10:51,19-02-21 10:52
ENROLL,tournTest_28_4,20-02-21 10:50,20-02-21 10:51,20-02-21 10:52
ENROLL,tournTest_28_5,21-02-21 10:50,21-02-21 10:51,21-02-21 10:52
ENROLL,tournTest_28_6,22-02-21 10:50,22-02-21 10:51,22-02-21 10:52
ENROLL,tournTest_28_7,23-02-21 10:50,23-02-21 10:51,23-02-21 10:52
ENROLL,tournTest_28_8,24-02-21 10:50,24-02-21 10:51,24-02-21 10:52
ENROLL,tournTest_28_9,25-02-21 10:50,25-02-21 10:51,25-02-21 10:52
ENROLL,tournTest_28_10,26-02-21 10:50,26-02-21 10:51,26-02-21 10:52
ENROLL,tournTest_29_1,27-02-21 10:50,27-02-21 10:51,27-02-21 10:52
ENROLL,tournTest_29_2,28-02-21 10:50,28-02-21 10:51,28-02-21 10:52
ENROLL,tournTest_29_3,01-03-21 10:50,01-03-21 10:51,01-03-21 10:52
ENROLL,tournTest_29_4,02-03-21 10:50,02-03-21 10:51,02-03-21 10:52
ENROLL,tournTest_29_5,03-03-21 10:50,03-03-21 10:51,03-03-21 10:52
ENROLL,tournTest_29_6,04-03-21 10:50,04-03-21 10:51,04-03-21 10:52
ENROLL,tournTest_29_7,05-03-21 10:50,05-03-21 10:51,05-03-21 10:52
ENROLL,tournTest_29_8,06-03-21 10:50,06-03-21 10:51,06-03-21 10:52
ENROLL,tournTest_29_9,07-03-21 10:50,07-03-21 10:51,07-03-21 10:52
ENROLL,tournTest_29_10,08-03-21 10:50,08-03-21 10:51,08-03-21 10:52
ENROLL,tournTest_30_1,09-03-21 10:50,09-03-21 10:51,09-03-21 10:52
ENROLL,tournTest_30_2,10-03-21 10:50,10-03-21 10:51,10-03-21 10:52
ENROLL,tournTest_30_3,11-03-21 10:50,11-03-21 10:51,11-03-21 10:52
ENROLL,tournTest_30_4,12-03-21 10:50,12-03-21 10:51,12-03-21 10:52
ENROLL,tournTest_30_5,13-03-21 10:50,13-03-21 10:51,13-03-21 10:52
ENROLL,tournTest_30_6,14-03-21 10:50,14-03-21 10:51,14-03-21 10:52
ENROLL,tournTest_30_7,15-03-21 10:50,15-03-21 10:51,15-03-21 10:52
ENROLL,tournTest_30_8,16-03-21 10:50,16-03-21 10:51,16-03-21 10:52
ENROLL,tournTest_30_9,17-03-21 10:50,17-03-21 10:51,17-03-21 10:52
ENROLL,tournTest_30_10,18-03-21 10:50,18-03-21 10:51,18-03-21 10:52
ENROLL,tournTest_31_1,19-03-21 10:50,19-03-21 10:51,19-03-21 10:52
ENROLL,tournTest_31_2,20-03-21 10:50,20-03-21 10:51,20-03-21 10:52
ENROLL,tournTest_31_3,21-03-21 10:50,21-03-21 10:51,21-03-21 10:52
ENROLL,tournTest_31_4,22-03-21 10:50,22-03-21 10:51,22-03-21 10:52
ENROLL,tournTest_31_5,23-03-21 10:50,23-03-21 10:51,23-03-21 10:52
ENROLL,tournTest_31_6,24-03-21 10:50,24-03-21 10:51,24-03-21 10:52
ENROLL,tournTest_31_7,25-03-21 10:50,25-03-21 10:51,25-03-21 10:52
ENROLL,tournTest_31_8,26-03-21 10:50,26-03-21 10:51,26-03-21 10:52
ENROLL,tournTest_31_9,27-03-21 10:50,27-03-21 10:51,27-03-21 10:52
ENROLL,tournTest_31_10,28-03-21 10:50,28-03-21 10:51,28-03-21 10:52
ENROLL,tournTest_32_1,29-03-21 10:50,29-03-21 10:51,29-03-21 10:52
ENROLL,tournTest_32_2,30-03-21 10:50,30-03-21 10:51,30-03-21 10:52
ENROLL,tournTest_32_3,31-03-21 10:50,31-03-21 10:51,31-03-21 10:52
ENROLL,tournTest_32_4,01-04-21 10:50,01-04-21 10:51,01-04-21 10:52
ENROLL,tournTest_32_5,02-04-21 10:50,02-04-21 10:51,02-04-21 10:52
ENROLL,tournTest_32_6,03-04-21 10:50,03-04-21 10:51,03-04-21 10:52
ENROLL,tournTest_32_7,04-04-21 10:50,04-04-21 10:51,04-04-21 10:52
ENROLL,tournTest_32_8,05-04-21 10:50,05-04-21 10:51,05-04-21 10:52
ENROLL,tournTest_32_9,06-04-21 10:50,06-04-21 10:51,06-04-21 10:52
ENROLL,tournTest_32_10,07-04-21 10:50,07-04-21 10:51,07-04-21 10:52
ENROLL,tournTest_33_1,08-04-21 10:50,08-04-21 10:51,08-04-21 10:52
ENROLL,tournTest_33_2,09-04-21 10:50,09-04-21 10:51,09-04-21 10:52
ENROLL,tournTest_33_3,10-04-21 10:50,10-04-21 10:51,10-04-21 10:52
ENROLL,tournTest_33_4,11-04-21 10:50,11-04-21 10:51,11-04-21 10:52
ENROLL,tournTest_33_5,12-04-21 10:50,12-04-21 10:51,12-04-21 10:52
ENROLL,tournTest_33_6,13-04-21 10:50,13-04-21 10:51,13-04-21 10:52
ENROLL,tournTest_33_7,14-04-21 10:50,14-04-21 10:51,14-04-21 10:52
ENROLL,tournTest_33_8,15-04-21 10:50,15-04-21 10:51,15-04-21 10:52
ENROLL,tournTest_33_9,16-04-21 10:50,16-04-21 10:51,16-04-21 10:52
ENROLL,tournTest_33_10,17-04-21 10:50,17-04-21 10:51,17-04-21 10:52
ENROLL,tournTest_34_1,18-04-21 10:50,18-04-21 10:51,18-04-21 10:52
ENROLL,tournTest_34_2,19-04-21 10:50,19-04-21 10:51,19-04-21 10:52
ENROLL,tournTest_34_3,20-04-21 10:50,20-04-21 10:51,20-04-21 10:52
ENROLL,tournTest_34_4,21-04-21 10:50,21-04-21 10:51,21-04-21 10:52
ENROLL,tournTest_34_5,22-04-21 10:50,22-04-21 10:51,22-04-21 10:52
ENROLL,tournTest_34_6,23-04-21 10:50,23-04-21 10:51,23-04-21 10:52
ENROLL,tournTest_34_7,24-04-21 10:50,24-04-21 10:51,24-04-21 10:52
ENROLL,tournTest_34_8,25-04-21 10:50,25-04-21 10:51,25-04-21 10:52
ENROLL,tournTest_34_9,26-04-21 10:50,26-04-21 10:51,26-04-21 10:52
ENROLL,tournTest_34_10,27-04-21 10:50,27-04-21 10:51,27-04-21 10:52
ENROLL,tournTest_35_1,28-04-21 10:50,28-04-21 10:51,28-04-21 10:52
ENROLL,tournTest_35_2,29-04-21 10:50,29-04-21 10:51,29-04-21 10:52
ENROLL,tournTest_35_3,30-04-21 10:50,30-04-21 10:51,30-04-21 10:52
ENROLL,tournTest_35_4,01-05-21 10:50,01-05-21 10:51,01-05-21 10:52
ENROLL,tournTest_35_5,02-05-21 10:50,02-05-21 10:51,02-05-21 10:52
ENROLL,tournTest_35_6,03-05-21 10:50,03-05-21 10:51,03-05-21 10:52
ENROLL,tournTest_35_7,04-05-21 10:50,04-05-21 10:51,04-05-21 10:52
ENROLL,tournTest_35_8,05-05-21 10:50,05-05-21 10:51,05-05-21 10:52
ENROLL,tournTest_35_9,06-05-21 10:50,06-05-21 10:51,06-05-21 10:52
ENROLL,tournTest_35_10,07-05-21 10:50,07-05-21 10:51,07-05-21 10:52
ENROLL,tournTest_36_1,08-05-21 10:50,08-05-21 10:51,08-05-21 10:52
ENROLL,tournTest_36_2,09-05-21 10:50,09-05-21 10:51,09-05-21 10:52
ENROLL,tournTest_36_3,10-05-21 10:50,10-05-21 10:51,10-05-21 10:52
ENROLL,tournTest_36_4,11-05-21 10:50,11-05-21 10:51,11-05-21 10:52
ENROLL,tournTest_36_5,12-05-21 10:50,12-05-21 10:51,12-05-21 10:52
ENROLL,tournTest_36_6,13-05-21 10:50,13-05-21 10:51,13-05-21 10:52
ENROLL,tournTest_36_7,14-05-21 10:50,14-05-21 10:51,14-05-21 10:52
ENROLL,tournTest_36_8,15-05-21 10:50,15-05-21 10:51,15-05-21 10:52
ENROLL,tournTest_36_9,16-05-21 10:50,16-05-21 10:51,16-05-21 10:52
ENROLL,tournTest_36_10,17-05-21 10:50,17-05-21 10:51,17-05-21 10:52
ENROLL,tournTest_37_1,18-05-21 10:50,18-05-21 10:51,18-05-21 10:52
ENROLL,tournTest_37_2,19-05-21 10:50,19-05-21 10:51,19-05-21 10:52
ENROLL,tournTest_37_3,20-05-21 10:50,20-05-21 10:51,20-05-21 10:52
ENROLL,tournTest_37_4,21-05-21 10:50,21-05-21 10:51,21-05-21 10:52
ENROLL,tournTest_37_5,22-05-21 10:50,22-05-21 10:51,22-05-21 10:52
ENROLL,tournTest_37_6,23-05-21 10:50,23-05-21 10:51,23-05-21 10:52
ENROLL,tournTest_37_7,24-05-21 10:50,24-05-21 10:51,24-05-21 10:52
ENROLL,tournTest_37_8,25-05-21 10:50,25-05-21 10:51,25-05-21 10:52
ENROLL,tournTest_37_9,26-05-21 10:50,26-05-21 10:51,26-05-21 10:52
ENROLL,tournTest_37_10,27-05-21 10:50,27-05-21 10:51,27-05-21 10:52
ENROLL,tournTest_38_1,28-05-21 10:50,28-05-21 10:51,28-05-21 10:52
ENROLL,tournTest_38_2,29-05-21 10:50,29-05-21 10:51,29-05-21 10:52
ENROLL,tournTest_38_3,30-05-21 10:50,30-05-21 10:51,30-05-21 10:52
ENROLL,tournTest_38_4,31-05-21 10:50,31-05-21 10:51,31-05-21 10:52
ENROLL,tournTest_38_5,01-06-21 10:50,01-06-21 10:51,01-06-21 10:52
ENROLL,tournTest_38_6,02-06-21 10:50,02-06-21 10:51,02-06-21 10:52
ENROLL,tournTest_38_7,03-06-21 10:50,03-06-21 10:51,03-06-21 10:52
ENROLL,tournTest_38_8,04-06-21 10:50,04-06-21 10:51,04-06-21 10:52
ENROLL,tournTest_38_9,05-06-21 10:50,05-06-21 10:51,05-06-21 10:52
ENROLL,tournTest_38_10,06-06-21 10:50,06-06-21 10:51,06-06-21 10:52
ENROLL,tournTest_39_1,07-06-21 10:50,07-06-21 10:51,07-06-21 10:52
ENROLL,tournTest_39_2,08-06-21 10:50,08-06-21 10:51,08-06-21 10:52
ENROLL,tournTest_39_3,09-06-21 10:50,09-06-21 10:51,09-06-21 10:52
ENROLL,tournTest_39_4,10-06-21 10:50,10-06-21 10:51,10-06-21 10:52
ENROLL,tournTest_39_5,11-06-21 10:50,11-06-21 10:51,11-06-21 10:52
ENROLL,tournTest_39_6,12-06-21 10:50,12-06-21 10:51,12-06-21 10:52
ENROLL,tournTest_39_7,13-06-21 10:50,13-06-21 10:51,13-06-21 10:52
ENROLL,tournTest_39_8,14-06-21 10:50,14-06-21 10:51,14-06-21 10:52
ENROLL,tournTest_39_9,15-06-21 10:50,15-06-21 10:51,15-06-21 10:52
ENROLL,tournTest_39_10,16-06-21 10:50,16-06-21 10:51,16-06-21 10:52
ENROLL,tournTest_40_1,17-06-21 10:50,17-06-21 10:51,17-06-21 10:52
ENROLL,tournTest_40_2,18-06-21 10:50,18-06-21 10:51,18-06-21 10:52
ENROLL,tournTest_40_3,19-06-21 10:50,19-06-21 10:51,19-06-21 10:52
ENROLL,tournTest_40_4,20-06-21 10:50,20-06-21 10:51,20-06-21 10:52
ENROLL,tournTest_40_5,21-06-21 10:50,21-06-21 10:51,21-06-21 10:52
ENROLL,tournTest_40_6,22-06-21 10:50,22-06-21 10:51,22-06-21 10:52
ENROLL,tournTest_40_7,23-06-21 10:50,23-06-21 10:51,23-06-21 10:52
ENROLL,tournTest_40_8,24-06-21 10:50,24-06-21 10:51,24-06-21 10:52
ENROLL,tournTest_40_9,25-06-21 10:50,25-06-21 10:51,25-06-21 10:52
ENROLL,tournTest_40_10,26-06-21 10:50,26-06-21 10:51,26-06-21 10:52
ENROLL,tournTest_41_1,27-06-21 10:50,27-06-21 10:51,27-06-21 10:52
ENROLL,tournTest_41_2,28-06-21 10:50,28-06-21 10:51,28-06-21 10:52
ENROLL,tournTest_41_3,29-06-21 10:50,29-06-21 10:51,29-06-21 10:52
ENROLL,tournTest_41_4,30-06-21 10:50,30-06-21 10:51,30-06-21 10:52
ENROLL,tournTest_41_5,01-07-21 10:50,01-07-21 10:51,01-07-21 10:52
ENROLL,tournTest_41_6,02-07-21 10:50,02-07-21 10:51,02-07-21 10:52
ENROLL,tournTest_41_7,03-07-21 10:50,03-07-21 10:51,03-07-21 10:52
ENROLL,tournTest_41_8,04-07-21 10:50,04-07-21 10:51,04-07-21 10:52
ENROLL,tournTest_41_9,05-07-21 10:50,05-07-21 10:51,05-07-21 10:52
ENROLL,tournTest_41_10,06-07-21 10:50,06-07-21 10:51,06-07-21 10:52
ENROLL,tournTest_42_1,07-07-21 10:50,07-07-21 10:51,07-07-21 10:52
ENROLL,tournTest_42_2,08-07-21 10:50,08-07-21 10:51,08-07-21 10:52
ENROLL,tournTest_42_3,09-07-21 10:50,09-07-21 10:51,09-07-21 10:52
ENROLL,tournTest_42_4,10-07-21 10:50,10-07-21 10:51,10-07-21 10:52
ENROLL,tournTest_42_5,11-07-21 10:50,11-07-21 10:51,11-07-21 10:52
ENROLL,tournTest_42_6,12-07-21 10:50,12-07-21 10:51,12-07-21 10:52
ENROLL,tournTest_42_7,13-07-21 10:50,13-07-21 10:51,13-07-21 10:52
ENROLL,tournTest_42_8,14-07-21 10:50,14-07-21 10:51,14-07-21 10:52
ENROLL,tournTest_42_9,15-07-21 10:50,15-07-21 10:51,15-07-21 10:52
ENROLL,tournTest_42_10,16-07-21 10:50,16-07-21 10:51,16-07-21 10:52
ENROLL,tournTest_43_1,17-07-21 10:50,17-07-21 10:51,17-07-21 10:52
ENROLL,tournTest_43_2,18-07-21 10:50,18-07-21 10:51,18-07-21 10:52
ENROLL,tournTest_43_3,19-07-21 10:50,19-07-21 10:51,19-07-21 10:52
ENROLL,tournTest_43_4,20-07-21 10:50,20-07-21 10:51,20-07-21 10:52
ENROLL,tournTest_43_5,21-07-21 10:50,21-07-21 10:51,21-07-21 10:52
ENROLL,tournTest_43_6,22-07-21 10:50,22-07-21 10:51,22-07-21 10:52
ENROLL,tournTest_43_7,23-07-21 10:50,23-07-21 10:51,23-07-21 10:52
ENROLL,tournTest_43_8,24-07-21 10:50,24-07-21 10:51,24-07-21 10:52
ENROLL,tournTest_43_9,25-07-21 10:50,25-07-21 10:51,25-07-21 10:52
ENROLL,tournTest_43_10,26-07-21 10:50,26-07-21 10:51,26-07-21 10:52
ENROLL,tournTest_44_1,27-07-21 10:50,27-07-21 10:51,27-07-21 10:52
ENROLL,tournTest_44_2,28-07-21 10:50,28-07-21 10:51,28-07-21 10:52
ENROLL,tournTest_44_3,29-07-21 10:50,29-07-21 10:51,29-07-21 10:52
ENROLL,tournTest_44_4,30-07-21 10:50,30-07-21 10:51,30-07-21 10:52
ENROLL,tournTest_44_5,31-07-21 10:50,31-07-21 10:51,31-07-21 10:52
ENROLL,tournTest_44_6,01-08-21 10:50,01-08-21 10:51,01-08-21 10:52
ENROLL,tournTest_44_7,02-08-21 10:50,02-08-21 10:51,02-08-21 10:52
ENROLL,tournTest_44_8,03-08-21 10:50,03-08-21 10:51,03-08-21 10:52
ENROLL,tournTest_44_9,04-08-21 10:50,04-08-21 10:51,04-08-21 10:52
ENROLL,tournTest_44_10,05-08-21 10:50,05-08-21 10:51,05-08-21 10:52
ENROLL,tournTest_45_1,06-08-21 10:50,06-08-21 10:51,06-08-21 10:52
ENROLL,tournTest_45_2,07-08-21 10:50,07-08-21 10:51,07-08-21 10:52
ENROLL,tournTest_45_3,08-08-21 10:50,08-08-21 10:51,08-08-21 10:52
ENROLL,tournTest_45_4,09-08-21 10:50,09-08-21 10:51,09-08-21 10:52
ENROLL,tournTest_45_5,10-08-21 10:50,10-08-21 10:51,10-08-21 10:52
ENROLL,tournTest_45_6,11-08-21 10:50,11-08-21 10:51,11-08-21 10:52
ENROLL,tournTest_45_7,12-08-21 10:50,12-08-21 10:51,12-08-21 10:52
ENROLL,tournTest_45_8,13-08-21 10:50,13-08-21 10:51,13-08-21 10:52
ENROLL,tournTest_45_9,14-08-21 10:50,14-08-21 10:51,14-08-21 10:52
ENROLL,tournTest_45_10,15-08-21 10:50,15-08-21 10:51,15-08-21 10:52
ENROLL,tournTest_46_1,16-08-21 10:50,16-08-21 10:51,16-08-21 10:52
ENROLL,tournTest_46_2,17-08-21 10:50,17-08-21 10:51,17-08-21 10:52
ENROLL,tournTest_46_3,18-08-21 10:50,18-08-21 10:51,18-08-21 10:52
ENROLL,tournTest_46_4,19-08-21 10:50,19-08-21 10:51,19-08-21 10:52
ENROLL,tournTest_46_5,20-08-21 10:50,20-08-21 10:51,20-08-21 10:52
ENROLL,tournTest_46_6,21-08-21 10:50,21-08-21 10:51,21-08-21 10:52
ENROLL,tournTest_46_7,22-08-21 10:50,22-08-21 10:51,22-08-21 10:52
ENROLL,tournTest_46_8,23-08-21 10:50,23-08-21 10:51,23-08-21 10:52
ENROLL,tournTest_46_9,24-08-21 10:50,24-08-21 10:51,24-08-21 10:52
ENROLL,tournTest_46_10,25-08-21 10:50,25-08-21 10:51,25-08-21 10:52
ENROLL,tournTest_47_1,26-08-21 10:50,26-08-21 10:51,26-08-21 10:52
ENROLL,tournTest_47_2,27-08-21 10:50,27-08-21 10:51,27-08-21 10:52
ENROLL,tournTest_47_3,28-08-21 10:50,28-08-21 10:51,28-08-21 10:52
ENROLL,tournTest_47_4,29-08-21 10:50,29-08-21 10:51,29-08-21 10:52
ENROLL,tournTest_47_5,30-08-21 10:50,30-08-21 10:51,30-08-21 10:52
ENROLL,tournTest_47_6,31-08-21 10:50,31-08-21 10:51,31-08-21 10:52
ENROLL,tournTest_47_7,01-09-21 10:50,01-09-21 10:51,01-09-21 10:52
ENROLL,tournTest_47_8,02-09-21 10:50,02-09-21 10:51,02-09-21 10:52
ENROLL,tournTest_47_9,03-09-21 10:50,03-09-21 10:51,03-09-21 10:52
ENROLL,tournTest_47_10,04-09-21 10:50,04-09-21 10:51,04-09-21 10:52
ENROLL,tournTest_48_1,05-09-21 10:50,05-09-21 10:51,05-09-21 10:52
ENROLL,tournTest_48_2,06-09-21 10:50,06-09-21 10:51,06-09-21 10:52
ENROLL,tournTest_48_3,07-09-21 10:50,07-09-21 10:51,07-09-21 10:52
ENROLL,tournTest_48_4,08-09-21 10:50,08-09-21 10:51,08-09-21 10:52
ENROLL,tournTest_48_5,09-09-21 10:50,09-09-21 10:51,09-09-21 10:52
ENROLL,tournTest_48_6,10-09-21 10:50,10-09-21 10:51,10-09-21 10:52
ENROLL,tournTest_48_7,11-09-21 10:50,11-09-21 10:51,11-09-21 10:52
ENROLL,tournTest_48_8,12-09-21 10:50,12-09-21 10:51,12-09-21 10:52
ENROLL,tournTest_48_9,13-09-21 10:50,13-09-21 10:51,13-09-21 10:52
ENROLL,tournTest_48_10,14-09-21 10:50,14-09-21 10:51,14-09-21 10:52
ENROLL,tournTest_49_1,15-09-21 10:50,15-09-21 10:51,15-09-21 10:52
ENROLL,tournTest_49_2,16-09-21 10:50,16-09-21 10:51,16-09-21 10:52
ENROLL,tournTest_49_3,17-09-21 10:50,17-09-21 10:51,17-09-21 10:52
ENROLL,tournTest_49_4,18-09-21 10:50,18-09-21 10:51,18-09-21 10:52
ENROLL,tournTest_49_5,19-09-21 10:50,19-09-21 10:51,19-09-21 10:52
ENROLL,tournTest_49_6,20-09-21 10:50,20-09-21 10:51,20-09-21 10:52
ENROLL,tournTest_49_7,21-09-21 10:50,21-09-21 10:51,21-09-21 10:52
ENROLL,tournTest_49_8,22-09-21 10:50,22-09-21 10:51,22-09-21 10:52
ENROLL,tournTest_49_9,23-09-21 10:50,23-09-21 10:51,23-09-21 10:52
ENROLL,tournTest_49_10,24-09-21 10:50,24-09-21 10:51,24-09-21 10:52
ENROLL,tournTest_50_1,25-09-21 10:50,25-09-21 10:51,25-09-21 10:52
ENROLL,tournTest_50_2,26-09-21 10:50,26-09-21 10:51,26-09-21 10:52
ENROLL,tournTest_50_3,27-09-21 10:50,27-09-21 10:51,27-09-21 10:52
ENROLL,tournTest_50_4,28-09-21 10:50,28-09-21 10:51,28-09-21 10:52
ENROLL,tournTest_50_5,29-09-21 10:50,29-09-21 10:51,29-09-21 10:52
ENROLL,tournTest_50_6,30-09-21 10:50,30-09-21 10:51,30-09-21 10:52
ENROLL,tournTest_50_7,01-10-21 10:50,01-10-21 10:51,01-10-21 10:52
ENROLL,tournTest_50_8,02-10-21 10:50,02-10-21 10:51,02-10-21 10:52
ENROLL,tournTest_50_9,03-10-21 10:50,03-10-21 10:51,03-10-21 10:52
ENROLL,tournTest_50_10,04-10-21 10:50,04-10-21 10:51,04-10-21 10:52
ENROLL,tournTest_51_1,05-10-21 10:50,05-10-21 10:51,05-10-21 10:52
ENROLL,tournTest_51_2,06-10-21 10:50,06-10-21 10:51,06-10-21 10:52
ENROLL,tournTest_51_3,07-10-21 10:50,07-10-21 10:51,07-10-21 10:52
ENROLL,tournTest_51_4,08-10-21 10:50,08-10-21 10:51,08-10-21 10:52
ENROLL,tournTest_51_5,09-10-21 10:50,09-10-21 10:51,09-10-21 10:52
ENROLL,tournTest_51_6,10-10-21 10:50,10-10-21 10:51,10-10-21 10:52
ENROLL,tournTest_51_7,11-10-21 10:50,11-10-21 10:51,11-10-21 10:52
ENROLL,tournTest_51_8,12-10-21 10:50,12-10-21 10:51,12-10-21 10:52
ENROLL,tournTest_51_9,13-10-21 10:50,13-10-21 10:51,13-10-21 10:52
ENROLL,tournTest_51_10,14-10-21 10:50,14-10-21 10:51,14-10-21 10:52
ENROLL,tournTest_52_1,15-10-21 10:50,15-10-21 10:51,15-10-21 10:52
ENROLL,tournTest_52_2,16-10-21 10:50,16-10-21 10:51,16-10-21 10:52
ENROLL,tournTest_52_3,17-10-21 10:50,17-10-21 10:51,17-10-21 10:52
ENROLL,tournTest_52_4,18-10-21 10:50,18-10-21 10:51,18-10-21 10:52
ENROLL,tournTest_52_5,19-10-21 10:50,19-10-21 10:51,19-10-21 10:52
ENROLL,tournTest_52_6,20-10-21 10:50,20-10-21 10:51,20-10-21 10:52
ENROLL,tournTest_52_7,21-10-21 10:50,21-10-21 10:51,21-10-21 10:52
ENROLL,tournTest_52_8,22-10-21 10:50,22-10-21 10:51,22-10-21 10:52
ENROLL,tournTest_52_9,23-10-21 10:50,23-10-21 10:51,23-10-21 10:52
ENROLL,tournTest_52_10,24-10-21 10:50,24-10-21 10:51,24-10-21 10:52
ENROLL,tournTest_53_1,25-10-21 10:50,25-10-21 10:51,25-10-21 10:52
ENROLL,tournTest_53_2,26-10-21 10:50,26-10-21 10:51,26-10-21 10:52
ENROLL,tournTest_53_3,27-10-21 10:50,27-10-21 10:51,27-10-21 10:52
ENROLL,tournTest_53_4,28-10-21 10:50,28-10-21 10:51,28-10-21 10:52
ENROLL,tournTest_53_5,29-10-21 10:50,29-10-21 10:51,29-10-21 10:52
ENROLL,tournTest_53_6,30-10-21 10:50,30-10-21 10:51,30-10-21 10:52
ENROLL,tournTest_53_7,31-10-21 10:50,31-10-21 10:51,31-10-21 10:52
ENROLL,tournTest_53_8,01-11-21 10:50,01-11-21 10:51,01-11-21 10:52
ENROLL,tournTest_53_9,02-11-21 10:50,02-11-21 10:51,02-11-21 10:52
ENROLL,tournTest_53_10,03-11-21 10:50,03-11-21 10:51,03-11-21 10:52
ENROLL,tournTest_54_1,04-11-21 10:50,04-11-21 10:51,04-11-21 10:52
ENROLL,tournTest_54_2,05-11-21 10:50,05-11-21 10:51,05-11-21 10:52
ENROLL,tournTest_54_3,06-11-21 10:50,06-11-21 10:51,06-11-21 10:52
ENROLL,tournTest_54_4,07-11-21 10:50,07-11-21 10:51,07-11-21 10:52
ENROLL,tournTest_54_5,08-11-21 10:50,08-11-21 10:51,08-11-21 10:52
ENROLL,tournTest_54_6,09-11-21 10:50,09-11-21 10:51,09-11-21 10:52
ENROLL,tournTest_54_7,10-11-21 10:50,10-11-21 10:51,10-11-21 10:52
ENROLL,tournTest_54_8,11-11-21 10:50,11-11-21 10:51,11-11-21 10:52
ENROLL,tournTest_54_9,12-11-21 10:50,12-11-21 10:51,12-11-21 10:52
ENROLL,tournTest_54_10,13-11-21 10:50,13-11-21 10:51,13-11-21 10:52
ENROLL,tournTest_55_1,14-11-21 10:50,14-11-21 10:51,14-11-21 10:52
ENROLL,tournTest_55_2,15-11-21 10:50,15-11-21 10:51,15-11-21 10:52
ENROLL,tournTest_55_3,16-11-21 10:50,16-11-21 10:51,16-11-21 10:52
ENROLL,tournTest_55_4,17-11-21 10:50,17-11-21 10:51,17-11-21 10:52
ENROLL,tournTest_55_5,18-11-21 10:50,18-11-21 10:51,18-11-21 10:52
ENROLL,tournTest_55_6,19-11-21 10:50,19-11-21 10:51,19-11-21 10:52
ENROLL,tournTest_55_7,20-11-21 10:50,20-11-21 10:51,20-11-21 10:52
ENROLL,tournTest_55_8,21-11-21 10:50,21-11-21 10:51,21-11-21 10:52
ENROLL,tournTest_55_9,22-11-21 10:50,22-11-21 10:51,22-11-21 10:52
ENROLL,tournTest_55_10,23-11-21 10:50,23-11-21 10:51,23-11-21 10:52
ENROLL,tournTest_56_1,24-11-21 10:50,24-11-21 10:51,24-11-21 10:52
ENROLL,tournTest_56_2,25-11-21 10:50,25-11-21 10:51,25-11-21 10:52
ENROLL,tournTest_56_3,26-11-21 10:50,26-11-21 10:51,26-11-21 10:52
ENROLL,tournTest_56_4,27-11-21 10:50,27-11-21 10:51,27-11-21 10:52
ENROLL,tournTest_56_5,28-11-21 10:50,28-11-21 10:51,28-11-21 10:52
ENROLL,tournTest_56_6,29-11-21 10:50,29-11-21 10:51,29-11-21 10:52
ENROLL,tournTest_56_7,30-11-21 10:50,30-11-21 10:51,30-11-21 10:52
ENROLL,tournTest_56_8,01-12-21 10:50,01-12-21 10:51,01-12-21 10:52
ENROLL,tournTest_56_9,02-12-21 10:50,02-12-21 10:51,02-12-21 10:52
ENROLL,tournTest_56_10,03-12-21 10:50,03-12-21 10:51,03-12-21 10:52
ENROLL,tournTest_57_1,04-12-21 10:50,04-12-21 10:51,04-12-21 10:52
ENROLL,tournTest_57_2,05-12-21 10:50,05-12-21 10:51,05-12-21 10:52
ENROLL,tournTest_57_3,06-12-21 10:50,06-12-21 10:51,06-12-21 10:52
ENROLL,tournTest_57_4,07-12-21 10:50,07-12-21 10:51,07-12-21 10:52
ENROLL,tournTest_57_5,08-12-21 10:50,08-12-21 10:51,08-12-21 10:52
ENROLL,tournTest_57_6,09-12-21 10:50,09-12-21 10:51,09-12-21 10:52
ENROLL,tournTest_57_7,10-12-21 10:50,10-12-21 10:51,10-12-21 10:52
ENROLL,tournTest_57_8,11-12-21 10:50,11-12-21 10:51,11-12-21 10:52
ENROLL,tournTest_57_9,12-12-21 10:50,12-12-21 10:51,12-12-21 10:52
ENROLL,tournTest_57_10,13-12-21 10:50,13-12-21 10:51,13-12-21 10:52
ENROLL,tournTest_58_1,14-12-21 10:50,14-12-21 10:51,14-12-21 10:52
ENROLL,tournTest_58_2,15-12-21 10:50,15-12-21 10:51,15-12-21 10:52
ENROLL,tournTest_58_3,16-12-21 10:50,16-12-21 10:51,16-12-21 10:52
ENROLL,tournTest_58_4,17-12-21 10:50,17-12-21 10:51,17-12-21 10:52
ENROLL,tournTest_58_5,18-12-21 10:50,18-12-21 10:51,18-12-21 10:52
ENROLL,tournTest_58_6,19-12-21 10:50,19-12-21 10:51,19-12-21 10:52
ENROLL,tournTest_58_7,20-12-21 10:50,20-12-21 10:51,20-12-21 10:52
ENROLL,tournTest_58_8,21-12-21 10:50,21-12-21 10:51,21-12-21 10:52
ENROLL,tournTest_58_9,22-12-21 10:50,22-12-21 10:51,22-12-21 10:52
ENROLL,tournTest_58_10,23-12-21 10:50,23-12-21 10:51,23-12-21 10:52
ENROLL,tournTest_59_1,24-12-21 10:50,24-12-21 10:51,24-12-21 10:52
ENROLL,tournTest_59_2,25-12-21 10:50,25-12-21 10:51,25-12-21 10:52
ENROLL,tournTest_59_3,26-12-21 10:50,26-12-21 10:51,26-12-21 10:52
ENROLL,tournTest_59_4,27-12-21 10:50,27-12-21 10:51,27-12-21 10:52
ENROLL,tournTest_59_5,28-12-21 10:50,28-12-21 10:51,28-12-21 10:52
ENROLL,tournTest_59_6,29-12-21 10:50,29-12-21 10:51,29-12-21 10:52
ENROLL,tournTest_59_7,30-12-21 10:50,30-12-21 10:51,30-12-21 10:52
ENROLL,tournTest_59_8,31-12-21 10:50,31-12-21 10:51,31-12-21 10:52
ENROLL,tournTest_59_9,01-01-22 10:50,01-01-22 10:51,01-01-22 10:52
ENROLL,tournTest_59_10,02-01-22 10:50,02-01-22 10:51,02-01-22 10:52
ENROLL,tournTest_60_1,03-01-22 10:50,03-01-22 10:51,03-01-22 10:52
ENROLL,tournTest_60_2,04-01-22 10:50,04-01-22 10:51,04-01-22 10:52
ENROLL,tournTest_60_3,05-01-22 10:50,05-01-22 10:51,05-01-22 10:52
ENROLL,tournTest_60_4,06-01-22 10:50,06-01-22 10:51,06-01-22 10:52
ENROLL,tournTest_60_5,07-01-22 10:50,07-01-22 10:51,07-01-22 10:52
ENROLL,tournTest_60_6,08-01-22 10:50,08-01-22 10:51,08-01-22 10:52
ENROLL,tournTest_60_7,09-01-22 10:50,09-01-22 10:51,09-01-22 10:52
ENROLL,tournTest_60_8,10-01-22 10:50,10-01-22 10:51,10-01-22 10:52
ENROLL,tournTest_60_9,11-01-22 10:50,11-01-22 10:51,11-01-22 10:52
ENROLL,tournTest_60_10,12-01-22 10:50,12-01-22 10:51,12-01-22 10:52
ENROLL,tournTest_61_1,13-01-22 10:50,13-01-22 10:51,13-01-22 10:52
ENROLL,tournTest_61_2,14-01-22 10:50,14-01-22 10:51,14-01-22 10:52
ENROLL,tournTest_61_3,15-01-22 10:50,15-01-22 10:51,15-01-22 10:52
ENROLL,tournTest_61_4,16-01-22 10:50,16-01-22 10:51,16-01-22 10:52
ENROLL,tournTest_61_5,17-01-22 10:50,17-01-22 10:51,17-01-22 10:52
ENROLL,tournTest_61_6,18-01-22 10:50,18-01-22 10:51,18-01-22 10:52
ENROLL,tournTest_61_7,19-01-22 10:50,19-01-22 10:51,19-01-22 10:52
ENROLL,tournTest_61_8,20-01-22 10:50,20-01-22 10:51,20-01-22 10:52
ENROLL,tournTest_61_9,21-01-22 10:50,21-01-22 10:51,21-01-22 10:52
ENROLL,tournTest_61_10,22-01-22 10:50,22-01-22 10:51,22-01-22 10:52
ENROLL,tournTest_62_1,23-01-22 10:50,23-01-22 10:51,23-01-22 10:52
ENROLL,tournTest_62_2,24-01-22 10:50,24-01-22 10:51,24-01-22 10:52
ENROLL,tournTest_62_3,25-01-22 10:50,25-01-22 10:51,25-01-22 10:52
ENROLL,tournTest_62_4,26-01-22 10:50,26-01-22 10:51,26-01-22 10:52
ENROLL,tournTest_62_5,27-01-22 10:50,27-01-22 10:51,27-01-22 10:52
ENROLL,tournTest_62_6,28-01-22 10:50,28-01-22 10:51,28-01-22 10:52
ENROLL,tournTest_62_7,29-01-22 10:50,29-01-22 10:51,29-01-22 10:52
ENROLL,tournTest_62_8,30-01-22 10:50,30-01-22 10:51,30-01-22 10:52
ENROLL,tournTest_62_9,31-01-22 10:50,31-01-22 10:51,31-01-22 10:52
ENROLL,tournTest_62_10,01-02-22 10:50,01-02-22 10:51,01-02-22 10:52
ENROLL,tournTest_63_1,02-02-22 10:50,02-02-22 10:51,02-02-22 10:52
ENROLL,tournTest_63_2,03-02-22 10:50,03-02-22 10:51,03-02-22 10:52
ENROLL,tournTest_63_3,04-02-22 10:50,04-02-22 10:51,04-02-22 10:52
ENROLL,tournTest_63_4,05-02-22 10:50,05-02-22 10:51,05-02-22 10:52
ENROLL,tournTest_63_5,06-02-22 10:50,06-02-22 10:51,06-02-22 10:52
ENROLL,tournTest_63_6,07-02-22 10:50,07-02-22 10:51,07-02-22 10:52
ENROLL,tournTest_63_7,08-02-22 10:50,08-02-22 10:51,08-02-22 10:52
ENROLL,tournTest_63_8,09-02-22 10:50,09-02-22 10:51,09-02-22 10:52
ENROLL,tournTest_63_9,10-02-22 10:50,10-02-22 10:51,10-02-22 10:52
ENROLL,tournTest_63_10,11-02-22 10:50,11-02-22 10:51,11-02-22 10:52
ENROLL,tournTest_64_1,12-02-22 10:50,12-02-22 10:51,12-02-22 10:52
ENROLL,tournTest_64_2,13-02-22 10:50,13-02-22 10:51,13-02-22 10:52
ENROLL,tournTest_64_3,14-02-22 10:50,14-02-22 10:51,14-02-22 10:52
ENROLL,tournTest_64_4,15-02-22 10:50,15-02-22 10:51,15-02-22 10:52
ENROLL,tournTest_64_5,16-02-22 10:50,16-02-22 10:51,16-02-22 10:52
ENROLL,tournTest_64_6,17-02-22 10:50,17-02-22 10:51,17-02-22 10:52
ENROLL,tournTest_64_7,18-02-22 10:50,18-02-22 10:51,18-02-22 10:52
ENROLL,tournTest_64_8,19-02-22 10:50,19-02-22 10:51,19-02-22 10:52
ENROLL,tournTest_64_9,20-02-22 10:50,20-02-22 10:51,20-02-22 10:52
ENROLL,tournTest_64_10,21-02-22 10:50,21-02-22 10:51,21-02-22 10:52
ENROLL,tournTest_65_1,22-02-22 10:50,22-02-22 10:51,22-02-22 10:52
ENROLL,tournTest_65_2,23-02-22 10:50,23-02-22 10:51,23-02-22 10:52
ENROLL,tournTest_65_3,24-02-22 10:50,24-02-22 10:51,24-02-22 10:52
ENROLL,tournTest_65_4,25-02-22 10:50,25-02-22 10:51,25-02-22 10:52
ENROLL,tournTest_65_5,26-02-22 10:50,26-02-22 10:51,26-02-22 10:52
ENROLL,tournTest_65_6,27-02-22 10:50,27-02-22 10:51,27-02-22 10:52
ENROLL,tournTest_65_7,28-02-22 10:50,28-02-22 10:51,28-02-22 10:52
ENROLL,tournTest_65_8,01-03-22 10:50,01-03-22 10:51,01-03-22 10:52
ENROLL,tournTest_65_9,02-03-22 10:50,02-03-22 10:51,02-03-22 10:52
ENROLL,tournTest_65_10,03-03-22 10:50,03-03-22 10:51,03-03-22 10:52
ENROLL,tournTest_66_1,04-03-22 10:50,04-03-22 10:51,04-03-22 10:52
ENROLL,tournTest_66_2,05-03-22 10:50,05-03-22 10:51,05-03-22 10:52
ENROLL,tournTest_66_3,06-03-22 10:50,06-03-22 10:51,06-03-22 10:52
ENROLL,tournTest_66_4,07-03-22 10:50,07-03-22 10:51,07-03-22 10:52
ENROLL,tournTest_66_5,08-03-22 10:50,08-03-22 10:51,08-03-22 10:52
ENROLL,tournTest_66_6,09-03-22 10:50,09-03-22 10:51,09-03-22 10:52
ENROLL,tournTest_66_7,10-03-22 10:50,10-03-22 10:51,10-03-22 10:52
ENROLL,tournTest_66_8,11-03-22 10:50,11-03-22 10:51,11-03-22 10:52
ENROLL,tournTest_66_9,12-03-22 10:50,12-03-22 10:51,12-03-22 10:52
ENROLL,tournTest_66_10,13-03-22 10:50,13-03-22 10:51,13-03-22 10:52
ENROLL,tournTest_67_1,14-03-22 10:50,14-03-22 10:51,14-03-22 10:52
ENROLL,tournTest_67_2,15-03-22 10:50,15-03-22 10:51,15-03-22 10:52
ENROLL,tournTest_67_3,16-03-22 10:50,16-03-22 10:51,16-03-22 10:52
ENROLL,tournTest_67_4,17-03-22 10:50,17-03-22 10:51,17-03-22 10:52
ENROLL,tournTest_67_5,18-03-22 10:50,18-03-22 10:51,18-03-22 10:52
ENROLL,tournTest_67_6,19-03-22 10:50,19-03-22 10:51,19-03-22 10:52
ENROLL,tournTest_67_7,20-03-22 10:50,20-03-22 10:51,20-03-22 10:52
ENROLL,tournTest_67_8,21-03-22 10:50,21-03-22 10:51,21-03-22 10:52
ENROLL,tournTest_67_9,22-03-22 10:50,22-03-22 10:51,22-03-22 10:52
ENROLL,tournTest_67_10,23-03-22 10:50,23-03-22 10:51,23-03-22 10:52
ENROLL,tournTest_68_1,24-03-22 10:50,24-03-22 10:51,24-03-22 10:52
ENROLL,tournTest_68_2,25-03-22 10:50,25-03-22 10:51,25-03-22 10:52
ENROLL,tournTest_68_3,26-03-22 10:50,26-03-22 10:51,26-03-22 10:52
ENROLL,tournTest_68_4,27-03-22 10:50,27-03-22 10:51,27-03-22 10:52
ENROLL,tournTest_68_5,28-03-22 10:50,28-03-22 10:51,28-03-22 10:52
ENROLL,tournTest_68_6,29-03-22 10:50,29-03-22 10:51,29-03-22 10:52
ENROLL,tournTest_68_7,30-03-22 10:50,30-03-22 10:51,30-03-22 10:52
ENROLL,tournTest_68_8,31-03-22 10:50,31-03-22 10:51,31-03-22 10:52
ENROLL,tournTest_68_9,01-04-22 10:50,01-04-22 10:51,01-04-22 10:52
ENROLL,tournTest_68_10,02-04-22 10:50,02-04-22 10:51,02-04-22 10:52
ENROLL,tournTest_69_1,03-04-22 10:50,03-04-22 10:51,03-04-22 10:52
ENROLL,tournTest_69_2,04-04-22 10:50,04-04-22 10:51,04-04-22 10:52
ENROLL,tournTest_69_3,05-04-22 10:50,05-04-22 10:51,05-04-22 10:52
ENROLL,tournTest_69_4,06-04-22 10:50,06-04-22 10:51,06-04-22 10:52
ENROLL,tournTest_69_5,07-04-22 10:50,07-04-22 10:51,07-04-22 10:52
ENROLL,tournTest_69_6,08-04-22 10:50,08-04-22 10:51,08-04-22 10:52
ENROLL,tournTest_69_7,09-04-22 10:50,09-04-22 10:51,09-04-22 10:52
ENROLL,tournTest_69_8,10-04-22 10:50,10-04-22 10:51,10-04-22 10:52
ENROLL,tournTest_69_9,11-04-22 10:50,11-04-22 10:51,11-04-22 10:52
ENROLL,tournTest_69_10,12-04-22 10:50,12-04-22 10:51,12-04-22 10:52
ENROLL,tournTest_70_1,13-04-22 10:50,13-04-22 10:51,13-04-22 10:52
ENROLL,tournTest_70_2,14-04-22 10:50,14-04-22 10:51,14-04-22 10:52
ENROLL,tournTest_70_3,15-04-22 10:50,15-04-22 10:51,15-04-22 10:52
ENROLL,tournTest_70_4,16-04-22 10:50,16-04-22 10:51,16-04-22 10:52
ENROLL,tournTest_70_5,17-04-22 10:50,17-04-22 10:51,17-04-22 10:52
ENROLL,tournTest_70_6,18-04-22 10:50,18-04-22 10:51,18-04-22 10:52
ENROLL,tournTest_70_7,19-04-22 10:50,19-04-22 10:51,19-04-22 10:52
ENROLL,tournTest_70_8,20-04-22 10:50,20-04-22 10:51,20-04-22 10:52
ENROLL,tournTest_70_9,21-04-22 10:50,21-04-22 10:51,21-04-22 10:52
ENROLL,tournTest_70_10,22-04-22 10:50,22-04-22 10:51,22-04-22 10:52
ENROLL,tournTest_71_1,23-04-22 10:50,23-04-22 10:51,23-04-22 10:52
ENROLL,tournTest_71_2,24-04-22 10:50,24-04-22 10:51,24-04-22 10:52
ENROLL,tournTest_71_3,25-04-22 10:50,25-04-22 10:51,25-04-22 10:52
ENROLL,tournTest_71_4,26-04-22 10:50,26-04-22 10:51,26-04-22 10:52
ENROLL,tournTest_71_5,27-04-22 10:50,27-04-22 10:51,27-04-22 10:52
ENROLL,tournTest_71_6,28-04-22 10:50,28-04-22 10:51,28-04-22 10:52
ENROLL,tournTest_71_7,29-04-22 10:50,29-04-22 10:51,29-04-22 10:52
ENROLL,tournTest_71_8,30-04-22 10:50,30-04-22 10:51,30-04-22 10:52
ENROLL,tournTest_71_9,01-05-22 10:50,01-05-22 10:51,01-05-22 10:52
ENROLL,tournTest_71_10,02-05-22 10:50,02-05-22 10:51,02-05-22 10:52
ENROLL,tournTest_72_1,03-05-22 10:50,03-05-22 10:51,03-05-22 10:52
ENROLL,tournTest_72_2,04-05-22 10:50,04-05-22 10:51,04-05-22 10:52
ENROLL,tournTest_72_3,05-05-22 10:50,05-05-22 10:51,05-05-22 10:52
ENROLL,tournTest_72_4,06-05-22 10:50,06-05-22 10:51,06-05-22 10:52
ENROLL,tournTest_72_5,07-05-22 10:50,07-05-22 10:51,07-05-22 10:52
ENROLL,tournTest_72_6,08-05-22 10:50,08-05-22 10:51,08-05-22 10:52
ENROLL,tournTest_72_7,09-05-22 10:50,09-05-22 10:51,09-05-22 10:52
ENROLL,tournTest_72_8,10-05-22 10:50,10-05-22 10:51,10-05-22 10:52
ENROLL,tournTest_72_9,11-05-22 10:50,11-05-22 10:51,11-05-22 10:52
ENROLL,tournTest_72_10,12-05-22 10:50,12-05-22 10:51,12-05-22 10:52
ENROLL,tournTest_73_1,13-05-22 10:50,13-05-22 10:51,13-05-22 10:52
ENROLL,tournTest_73_2,14-05-22 10:50,14-05-22 10:51,14-05-22 10:52
ENROLL,tournTest_73_3,15-05-22 10:50,15-05-22 10:51,15-05-22 10:52
ENROLL,tournTest_73_4,16-05-22 10:50,16-05-22 10:51,16-05-22 10:52
ENROLL,tournTest_73_5,17-05-22 10:50,17-05-22 10:51,17-05-22 10:52
ENROLL,tournTest_73_6,18-05-22 10:50,18-05-22 10:51,18-05-22 10:52
ENROLL,tournTest_73_7,19-05-22 10:50,19-05-22 10:51,19-05-22 10:52
ENROLL,tournTest_73_8,20-05-22 10:50,20-05-22 10:51,20-05-22 10:52
ENROLL,tournTest_73_9,21-05-22 10:50,21-05-22 10:51,21-05-22 10:52
ENROLL,tournTest_73_10,22-05-22 10:50,22-05-22 10:51,22-05-22 10:52
ENROLL,tournTest_74_1,23-05-22 10:50,23-05-22 10:51,23-05-22 10:52
ENROLL,tournTest_74_2,24-05-22 10:50,24-05-22 10:51,24-05-22 10:52
ENROLL,tournTest_74_3,25-05-22 10:50,25-05-22 10:51,25-05-22 10:52
ENROLL,tournTest_74_4,26-05-22 10:50,26-05-22 10:51,26-05-22 10:52
ENROLL,tournTest_74_5,27-05-22 10:50,27-05-22 10:51,27-05-22 10:52
ENROLL,tournTest_74_6,28-05-22 10:50,28-05-22 10:51,28-05-22 10:52
ENROLL,tournTest_74_7,29-05-22 10:50,29-05-22 10:51,29-05-22 10:52
ENROLL,tournTest_74_8,30-05-22 10:50,30-05-22 10:51,30-05-22 10:52
ENROLL,tournTest_74_9,31-05-22 10:50,31-05-22 10:51,31-05-22 10:52
ENROLL,tournTest_74_10,01-06-22 10:50,01-06-22 10:51,01-06-22 10:52
ENROLL,tournTest_75_1,02-06-22 10:50,02-06-22 10:51,02-06-22 10:52
ENROLL,tournTest_75_2,03-06-22 10:50,03-06-22 10:51,03-06-22 10:52
ENROLL,tournTest_75_3,04-06-22 10:50,04-06-22 10:51,04-06-22 10:52
ENROLL,tournTest_75_4,05-06-22 10:50,05-06-22 10:51,05-06-22 10:52
ENROLL,tournTest_75_5,06-06-22 10:50,06-06-22 10:51,06-06-22 10:52
ENROLL,tournTest_75_6,07-06-22 10:50,07-06-22 10:51,07-06-22 10:52
ENROLL,tournTest_75_7,08-06-22 10:50,08-06-22 10:51,08-06-22 10:52
ENROLL,tournTest_75_8,09-06-22 10:50,09-06-22 10:51,09-06-22 10:52
ENROLL,tournTest_75_9,10-06-22 10:50,10-06-22 10:51,10-06-22 10:52
ENROLL,tournTest_75_10,11-06-22 10:50,11-06-22 10:51,11-06-22 10:52
ENROLL,tournTest_76_1,12-06-22 10:50,12-06-22 10:51,12-06-22 10:52
ENROLL,tournTest_76_2,13-06-22 10:50,13-06-22 10:51,13-06-22 10:52
ENROLL,tournTest_76_3,14-06-22 10:50,14-06-22 10:51,14-06-22 10:52
ENROLL,tournTest_76_4,15-06-22 10:50,15-06-22 10:51,15-06-22 10:52
ENROLL,tournTest_76_5,16-06-22 10:50,16-06-22 10:51,16-06-22 10:52
ENROLL,tournTest_76_6,17-06-22 10:50,17-06-22 10:51,17-06-22 10:52
ENROLL,tournTest_76_7,18-06-22 10:50,18-06-22 10:51,18-06-22 10:52
ENROLL,tournTest_76_8,19-06-22 10:50,19-06-22 10:51,19-06-22 10:52
ENROLL,tournTest_76_9,20-06-22 10:50,20-06-22 10:51,20-06-22 10:52
ENROLL,tournTest_76_10,21-06-22 10:50,21-06-22 10:51,21-06-22 10:52
ENROLL,tournTest_77_1,22-06-22 10:50,22-06-22 10:51,22-06-22 10:52
ENROLL,tournTest_77_2,23-06-22 10:50,23-06-22 10:51,23-06-22 10:52
ENROLL,tournTest_77_3,24-06-22 10:50,24-06-22 10:51,24-06-22 10:52
ENROLL,tournTest_77_4,25-06-22 10:50,25-06-22 10:51,25-06-22 10:52
ENROLL,tournTest_77_5,26-06-22 10:50,26-06-22 10:51,26-06-22 10:52
ENROLL,tournTest_77_6,27-06-22 10:50,27-06-22 10:51,27-06-22 10:52
ENROLL,tournTest_77_7,28-06-22 10:50,28-06-22 10:51,28-06-22 10:52
ENROLL,tournTest_77_8,29-06-22 10:50,29-06-22 10:51,29-06-22 10:52
ENROLL,tournTest_77_9,30-06-22 10:50,30-06-22 10:51,30-06-22 10:52
ENROLL,tournTest_77_10,01-07-22 10:50,01-07-22 10:51,01-07-22 10:52
ENROLL,tournTest_78_1,02-07-22 10:50,02-07-22 10:51,02-07-22 10:52
ENROLL,tournTest_78_2,03-07-22 10:50,03-07-22 10:51,03-07-22 10:52
ENROLL,tournTest_78_3,04-07-22 10:50,04-07-22 10:51,04-07-22 10:52
ENROLL,tournTest_78_4,05-07-22 10:50,05-07-22 10:51,05-07-22 10:52
ENROLL,tournTest_78_5,06-07-22 10:50,06-07-22 10:51,06-07-22 10:52
ENROLL,tournTest_78_6,07-07-22 10:50,07-07-22 10:51,07-07-22 10:52
ENROLL,tournTest_78_7,08-07-22 10:50,08-07-22 10:51,08-07-22 10:52
ENROLL,tournTest_78_8,09-07-22 10:50,09-07-22 10:51,09-07-22 10:52
ENROLL,tournTest_78_9,10-07-22 10:50,10-07-22 10:51,10-07-22 10:52
ENROLL,tournTest_78_10,11-07-22 10:50,11-07-22 10:51,11-07-22 10:52
ENROLL,tournTest_79_1,12-07-22 10:50,12-07-22 10:51,12-07-22 10:52
ENROLL,tournTest_79_2,13-07-22 10:50,13-07-22 10:51,13-07-22 10:52
ENROLL,tournTest_79_3,14-07-22 10:50,14-07-22 10:51,14-07-22 10:52
ENROLL,tournTest_79_4,15-07-22 10:50,15-07-22 10:51,15-07-22 10:52
ENROLL,tournTest_79_5,16-07-22 10:50,16-07-22 10:51,16-07-22 10:52
ENROLL,tournTest_79_6,17-07-22 10:50,17-07-22 10:51,17-07-22 10:52
ENROLL,tournTest_79_7,18-07-22 10:50,18-07-22 10:51,18-07-22 10:52
ENROLL,tournTest_79_8,19-07-22 10:50,19-07-22 10:51,19-07-22 10:52
ENROLL,tournTest_79_9,20-07-22 10:50,20-07-22 10:51,20-07-22 10:52
ENROLL,tournTest_79_10,21-07-22 10:50,21-07-22 10:51,21-07-22 10:52
ENROLL,tournTest_80_1,22-07-22 10:50,22-07-22 10:51,22-07-22 10:52
ENROLL,tournTest_80_2,23-07-22 10:50,23-07-22 10:51,23-07-22 10:52
ENROLL,tournTest_80_3,24-07-22 10:50,24-07-22 10:51,24-07-22 10:52
ENROLL,tournTest_80_4,25-07-22 10:50,25-07-22 10:51,25-07-22 10:52
ENROLL,tournTest_80_5,26-07-22 10:50,26-07-22 10:51,26-07-22 10:52
ENROLL,tournTest_80_6,27-07-22 10:50,27-07-22 10:51,27-07-22 10:52
ENROLL,tournTest_80_7,28-07-22 10:50,28-07-22 10:51,28-07-22 10:52
ENROLL,tournTest_80_8,29-07-22 10:50,29-07-22 10:51,29-07-22 10:52
ENROLL,tournTest_80_9,30-07-22 10:50,30-07-22 10:51,30-07-22 10:52
ENROLL,tournTest_80_10,31-07-22 10:50,31-07-22 10:51,31-07-22 10:52
ENROLL,tournTest_81_1,01-08-22 10:50,01-08-22 10:51,01-08-22 10:52
ENROLL,tournTest_81_2,02-08-22 10:50,02-08-22 10:51,02-08-22 10:52
ENROLL,tournTest_81_3,03-08-22 10:50,03-08-22 10:51,03-08-22 10:52
ENROLL,tournTest_81_4,04-08-22 10:50,04-08-22 10:51,04-08-22 10:52
ENROLL,tournTest_81_5,05-08-22 10:50,05-08-22 10:51,05-08-22 10:52
ENROLL,tournTest_81_6,06-08-22 10:50,06-08-22 10:51,06-08-22 10:52
ENROLL,tournTest_81_7,07-08-22 10:50,07-08-22 10:51,07-08-22 10:52
ENROLL,tournTest_81_8,08-08-22 10:50,08-08-22 10:51,08-08-22 10:52
ENROLL,tournTest_81_9,09-08-22 10:50,09-08-22 10:51,09-08-22 10:52
ENROLL,tournTest_81_10,10-08-22 10:50,10-08-22 10:51,10-08-22 10:52
ENROLL,tournTest_82_1,11-08-22 10:50,11-08-22 10:51,11-08-22 10:52
ENROLL,tournTest_82_2,12-08-22 10:50,12-08-22 10:51,12-08-22 10:52
ENROLL,tournTest_82_3,13-08-22 10:50,13-08-22 10:51,13-08-22 10:52
ENROLL,tournTest_82_4,14-08-22 10:50,14-08-22 10:51,14-08-22 10:52
ENROLL,tournTest_82_5,15-08-22 10:50,15-08-22 10:51,15-08-22 10:52
ENROLL,tournTest_82_6,16-08-22 10:50,16-08-22 10:51,16-08-22 10:52
ENROLL,tournTest_82_7,17-08-22 10:50,17-08-22 10:51,17-08-22 10:52
ENROLL,tournTest_82_8,18-08-22 10:50,18-08-22 10:51,18-08-22 10:52
ENROLL,tournTest_82_9,19-08-22 10:50,19-08-22 10:51,19-08-22 10:52
ENROLL,tournTest_82_10,20-08-22 10:50,20-08-22 10:51,20-08-22 10:52
ENROLL,tournTest_83_1,21-08-22 10:50,21-08-22 10:51,21-08-22 10:52
ENROLL,tournTest_83_2,22-08-22 10:50,22-08-22 10:51,22-08-22 10:52
ENROLL,tournTest_83_3,23-08-22 10:50,23-08-22 10:51,23-08-22 10:52
ENROLL,tournTest_83_4,24-08-22 10:50,24-08-22 10:51,24-08-22 10:52
ENROLL,tournTest_83_5,25-08-22 10:50,25-08-22 10:51,25-08-22 10:52
ENROLL,tournTest_83_6,26-08-22 10:50,26-08-22 10:51,26-08-22 10:52
ENROLL,tournTest_83_7,27-08-22 10:50,27-08-22 10:51,27-08-22 10:52
ENROLL,tournTest_83_8,28-08-22 10:50,28-08-22 10:51,28-08-22 10:52
ENROLL,tournTest_83_9,29-08-22 10:50,29-08-22 10:51,29-08-22 10:52
ENROLL,tournTest_83_10,30-08-22 10:50,30-08-22 10:51,30-08-22 10:52
ENROLL,tournTest_84_1,31-08-22 10:50,31-08-22 10:51,31-08-22 10:52
ENROLL,tournTest_84_2,01-09-22 10:50,01-09-22 10:51,01-09-22 10:52
ENROLL,tournTest_84_3,02-09-22 10:50,02-09-22 10:51,02-09-22 10:52
ENROLL,tournTest_84_4,03-09-22 10:50,03-09-22 10:51,03-09-22 10:52
ENROLL,tournTest_84_5,04-09-22 10:50,04-09-22 10:51,04-09-22 10:52
ENROLL,tournTest_84_6,05-09-22 10:50,05-09-22 10:51,05-09-22 10:52
ENROLL,tournTest_84_7,06-09-22 10:50,06-09-22 10:51,06-09-22 10:52
ENROLL,tournTest_84_8,07-09-22 10:50,07-09-22 10:51,07-09-22 10:52
ENROLL,tournTest_84_9,08-09-22 10:50,08-09-22 10:51,08-09-22 10:52
ENROLL,tournTest_84_10,09-09-22 10:50,09-09-22 10:51,09-09-22 10:52
ENROLL,tournTest_85_1,10-09-22 10:50,10-09-22 10:51,10-09-22 10:52
ENROLL,tournTest_85_2,11-09-22 10:50,11-09-22 10:51,11-09-22 10:52
ENROLL,tournTest_85_3,12-09-22 10:50,12-09-22 10:51,12-09-22 10:52
ENROLL,tournTest_85_4,13-09-22 10:50,13-09-22 10:51,13-09-22 10:52
ENROLL,tournTest_85_5,14-09-22 10:50,14-09-22 10:51,14-09-22 10:52
ENROLL,tournTest_85_6,15-09-22 10:50,15-09-22 10:51,15-09-22 10:52
ENROLL,tournTest_85_7,16-09-22 10:50,16-09-22 10:51,16-09-22 10:52
ENROLL,tournTest_85_8,17-09-22 10:50,17-09-22 10:51,17-09-22 10:52
ENROLL,tournTest_85_9,18-09-22 10:50,18-09-22 10:51,18-09-22 10:52
ENROLL,tournTest_85_10,19-09-22 10:50,19-09-22 10:51,19-09-22 10:52
ENROLL,tournTest_86_1,20-09-22 10:50,20-09-22 10:51,20-09-22 10:52
ENROLL,tournTest_86_2,21-09-22 10:50,21-09-22 10:51,21-09-22 10:52
ENROLL,tournTest_86_3,22-09-22 10:50,22-09-22 10:51,22-09-22 10:52
ENROLL,tournTest_86_4,23-09-22 10:50,23-09-22 10:51,23-09-22 10:52
ENROLL,tournTest_86_5,24-09-22 10:50,24-09-22 10:51,24-09-22 10:52
ENROLL,tournTest_86_6,25-09-22 10:50,25-09-22 10:51,25-09-22 10:52
ENROLL,tournTest_86_7,26-09-22 10:50,26-09-22 10:51,26-09-22 10:52
ENROLL,tournTest_86_8,27-09-22 10:50,27-09-22 10:51,27-09-22 10:52
ENROLL,tournTest_86_9,28-09-22 10:50,28-09-22 10:51,28-09-22 10:52
ENROLL,tournTest_86_10,29-09-22 10:50,29-09-22 10:51,29-09-22 10:52
ENROLL,tournTest_87_1,30-09-22 10:50,30-09-22 10:51,30-09-22 10:52
ENROLL,tournTest_87_2,01-10-22 10:50,01-10-22 10:51,01-10-22 10:52
ENROLL,tournTest_87_3,02-10-22 10:50,02-10-22 10:51,02-10-22 10:52
ENROLL,tournTest_87_4,03-10-22 10:50,03-10-22 10:51,03-10-22 10:52
ENROLL,tournTest_87_5,04-10-22 10:50,04-10-22 10:51,04-10-22 10:52
ENROLL,tournTest_87_6,05-10-22 10:50,05-10-22 10:51,05-10-22 10:52
ENROLL,tournTest_87_7,06-10-22 10:50,06-10-22 10:51,06-10-22 10:52
ENROLL,tournTest_87_8,07-10-22 10:50,07-10-22 10:51,07-10-22 10:52
ENROLL,tournTest_87_9,08-10-22 10:50,08-10-22 10:51,08-10-22 10:52
ENROLL,tournTest_87_10,09-10-22 10:50,09-10-22 10:51,09-10-22 10:52
ENROLL,tournTest_88_1,10-10-22 10:50,10-10-22 10:51,10-10-22 10:52
ENROLL,tournTest_88_2,11-10-22 10:50,11-10-22 10:51,11-10-22 10:52
ENROLL,tournTest_88_3,12-10-22 10:50,12-10-22 10:51,12-10-22 10:52
ENROLL,tournTest_88_4,13-10-22 10:50,13-10-22 10:51,13-10-22 10:52
ENROLL,tournTest_88_5,14-10-22 10:50,14-10-22 10:51,14-10-22 10:52
ENROLL,tournTest_88_6,15-10-22 10:50,15-10-22 10:51,15-10-22 10:52
ENROLL,tournTest_88_7,16-10-22 10:50,16-10-22 10:51,16-10-22 10:52
ENROLL,tournTest_88_8,17-10-22 10:50,17-10-22 10:51,17-10-22 10:52
ENROLL,tournTest_88_9,18-10-22 10:50,18-10-22 10:51,18-10-22 10:52
ENROLL,tournTest_88_10,19-10-22 10:50,19-10-22 10:51,19-10-22 10:52
ENROLL,tournTest_89_1,20-10-22 10:50,20-10-22 10:51,20-10-22 10:52
ENROLL,tournTest_89_2,21-10-22 10:50,21-10-22 10:51,21-10-22 10:52
ENROLL,tournTest_89_3,22-10-22 10:50,22-10-22 10:51,22-10-22 10:52
ENROLL,tournTest_89_4,23-10-22 10:50,23-10-22 10:51,23-10-22 10:52
ENROLL,tournTest_89_5,24-10-22 10:50,24-10-22 10:51,24-10-22 10:52
ENROLL,tournTest_89_6,25-10-22 10:50,25-10-22 10:51,25-10-22 10:52
ENROLL,tournTest_89_7,26-10-22 10:50,26-10-22 10:51,26-10-22 10:52
ENROLL,tournTest_89_8,27-10-22 10:50,27-10-22 10:51,27-10-22 10:52
ENROLL,tournTest_89_9,28-10-22 10:50,28-10-22 10:51,28-10-22 10:52
ENROLL,tournTest_89_10,29-10-22 10:50,29-10-22 10:51,29-10-22 10:52
ENROLL,tournTest_90_1,30-10-22 10:50,30-10-22 10:51,30-10-22 10:52
ENROLL,tournTest_90_2,31-10-22 10:50,31-10-22 10:51,31-10-22 10:52
ENROLL,tournTest_90_3,01-11-22 10:50,01-11-22 10:51,01-11-22 10:52
ENROLL,tournTest_90_4,02-11-22 10:50,02-11-22 10:51,02-11-22 10:52
ENROLL,tournTest_90_5,03-11-22 10:50,03-11-22 10:51,03-11-22 10:52
ENROLL,tournTest_90_6,04-11-22 10:50,04-11-22 10:51,04-11-22 10:52
ENROLL,tournTest_90_7,05-11-22 10:50,05-11-22 10:51,05-11-22 10:52
ENROLL,tournTest_90_8,06-11-22 10:50,06-11-22 10:51,06-11-22 10:52
ENROLL,tournTest_90_9,07-11-22 10:50,07-11-22 10:51,07-11-22 10:52
ENROLL,tournTest_90_10,08-11-22 10:50,08-11-22 10:51,08-11-22 10:52
ENROLL,tournTest_91_1,09-11-22 10:50,09-11-22 10:51,09-11-22 10:52
ENROLL,tournTest_91_2,10-11-22 10:50,10-11-22 10:51,10-11-22 10:52
ENROLL,tournTest_91_3,11-11-22 10:50,11-11-22 10:51,11-11-22 10:52
ENROLL,tournTest_91_4,12-11-22 10:50,12-11-22 10:51,12-11-22 10:52
ENROLL,tournTest_91_5,13-11-22 10:50,13-11-22 10:51,13-11-22 10:52
ENROLL,tournTest_91_6,14-11-22 10:50,14-11-22 10:51,14-11-22 10:52
ENROLL,tournTest_91_7,15-11-22 10:50,15-11-22 10:51,15-11-22 10:52
ENROLL,tournTest_91_8,16-11-22 10:50,16-11-22 10:51,16-11-22 10:52
ENROLL,tournTest_91_9,17-11-22 10:50,17-11-22 10:51,17-11-22 10:52
ENROLL,tournTest_91_10,18-11-22 10:50,18-11-22 10:51,18-11-22 10:52
ENROLL,tournTest_92_1,19-11-22 10:50,19-11-22 10:51,19-11-22 10:52
ENROLL,tournTest_92_2,20-11-22 10:50,20-11-22 10:51,20-11-22 10:52
ENROLL,tournTest_92_3,21-11-22 10:50,21-11-22 10:51,21-11-22 10:52
ENROLL,tournTest_92_4,22-11-22 10:50,22-11-22 10:51,22-11-22 10:52
ENROLL,tournTest_92_5,23-11-22 10:50,23-11-22 10:51,23-11-22 10:52
ENROLL,tournTest_92_6,24-11-22 10:50,24-11-22 10:51,24-11-22 10:52
ENROLL,tournTest_92_7,25-11-22 10:50,25-11-22 10:51,25-11-22 10:52
ENROLL,tournTest_92_8,26-11-22 10:50,26-11-22 10:51,26-11-22 10:52
ENROLL,tournTest_92_9,27-11-22 10:50,27-11-22 10:51,27-11-22 10:52
ENROLL,tournTest_92_10,28-11-22 10:50,28-11-22 10:51,28-11-22 10:52
ENROLL,tournTest_93_1,29-11-22 10:50,29-11-22 10:51,29-11-22 10:52
ENROLL,tournTest_93_2,30-11-22 10:50,30-11-22 10:51,30-11-22 10:52
ENROLL,tournTest_93_3,01-12-22 10:50,01-12-22 10:51,01-12-22 10:52
ENROLL,tournTest_93_4,02-12-22 10:50,02-12-22 10:51,02-12-22 10:52
ENROLL,tournTest_93_5,03-12-22 10:50,03-12-22 10:51,03-12-22 10:52
ENROLL,tournTest_93_6,04-12-22 10:50,04-12-22 10:51,04-12-22 10:52
ENROLL,tournTest_93_7,05-12-22 10:50,05-12-22 10:51,05-12-22 10:52
ENROLL,tournTest_93_8,06-12-22 10:50,06-12-22 10:51,06-12-22 10:52
ENROLL,tournTest_93_9,07-12-22 10:50,07-12-22 10:51,07-12-22 10:52
ENROLL,tournTest_93_10,08-12-22 10:50,08-12-22 10:51,08-12-22 10:52
ENROLL,tournTest_94_1,09-12-22 10:50,09-12-22 10:51,09-12-22 10:52
ENROLL,tournTest_94_2,10-12-22 10:50,10-12-22 10:51,10-12-22 10:52
ENROLL,tournTest_94_3,11-12-22 10:50,11-12-22 10:51,11-12-22 10:52
ENROLL,tournTest_94_4,12-12-22 10:50,12-12-22 10:51,12-12-22 10:52
ENROLL,tournTest_94_5,13-12-22 10:50,13-12-22 10:51,13-12-22 10:52
ENROLL,tournTest_94_6,14-12-22 10:50,14-12-22 10:51,14-12-22 10:52
ENROLL,tournTest_94_7,15-12-22 10:50,15-12-22 10:51,15-12-22 10:52
ENROLL,tournTest_94_8,16-12-22 10:50,16-12-22 10:51,16-12-22 10:52
ENROLL,tournTest_94_9,17-12-22 10:50,17-12-22 10:51,17-12-22 10:52
ENROLL,tournTest_94_10,18-12-22 10:50,18-12-22 10:51,18-12-22 10:52
ENROLL,tournTest_95_1,19-12-22 10:50,19-12-22 10:51,19-12-22 10:52
ENROLL,tournTest_95_2,20-12-22 10:50,20-12-22 10:51,20-12-22 10:52
ENROLL,tournTest_95_3,21-12-22 10:50,21-12-22 10:51,21-12-22 10:52
ENROLL,tournTest_95_4,22-12-22 10:50,22-12-22 10:51,22-12-22 10:52
ENROLL,tournTest_95_5,23-12-22 10:50,23-12-22 10:51,23-12-22 10:52
ENROLL,tournTest_95_6,24-12-22 10:50,24-12-22 10:51,24-12-22 10:52
ENROLL,tournTest_95_7,25-12-22 10:50,25-12-22 10:51,25-12-22 10:52
ENROLL,tournTest_95_8,26-12-22 10:50,26-12-22 10:51,26-12-22 10:52
ENROLL,tournTest_95_9,27-12-22 10:50,27-12-22 10:51,27-12-22 10:52
ENROLL,tournTest_95_10,28-12-22 10:50,28-12-22 10:51,28-12-22 10:52
ENROLL,tournTest_96_1,29-12-22 10:50,29-12-22 10:51,29-12-22 10:52
ENROLL,tournTest_96_2,30-12-22 10:50,30-12-22 10:51,30-12-22 10:52
ENROLL,tournTest_96_3,31-12-22 10:50,31-12-22 10:51,31-12-22 10:52
ENROLL,tournTest_96_4,01-01-23 10:50,01-01-23 10:51,01-01-23 10:52
ENROLL,tournTest_96_5,02-01-23 10:50,02-01-23 10:51,02-01-23 10:52
ENROLL,tournTest_96_6,03-01-23 10:50,03-01-23 10:51,03-01-23 10:52
ENROLL,tournTest_96_7,04-01-23 10:50,04-01-23 10:51,04-01-23 10:52
ENROLL,tournTest_96_8,05-01-23 10:50,05-01-23 10:51,05-01-23 10:52
ENROLL,tournTest_96_9,06-01-23 10:50,06-01-23 10:51,06-01-23 10:52
ENROLL,tournTest_96_10,07-01-23 10:50,07-01-23 10:51,07-01-23 10:52
ENROLL,tournTest_97_1,08-01-23 10:50,08-01-23 10:51,08-01-23 10:52
ENROLL,tournTest_97_2,09-01-23 10:50,09-01-23 10:51,09-01-23 10:52
ENROLL,tournTest_97_3,10-01-23 10:50,10-01-23 10:51,10-01-23 10:52
ENROLL,tournTest_97_4,11-01-23 10:50,11-01-23 10:51,11-01-23 10:52
ENROLL,tournTest_97_5,12-01-23 10:50,12-01-23 10:51,12-01-23 10:52
ENROLL,tournTest_97_6,13-01-23 10:50,13-01-23 10:51,13-01-23 10:52
ENROLL,tournTest_97_7,14-01-23 10:50,14-01-23 10:51,14-01-23 10:52
ENROLL,tournTest_97_8,15-01-23 10:50,15-01-23 10:51,15-01-23 10:52
ENROLL,tournTest_97_9,16-01-23 10:50,16-01-23 10:51,16-01-23 10:52
ENROLL,tournTest_97_10,17-01-23 10:50,17-01-23 10:51,17-01-23 10:52
ENROLL,tournTest_98_1,18-01-23 10:50,18-01-23 10:51,18-01-23 10:52
ENROLL,tournTest_98_2,19-01-23 10:50,19-01-23 10:51,19-01-23 10:52
ENROLL,tournTest_98_3,20-01-23 10:50,20-01-23 10:51,20-01-23 10:52
ENROLL,tournTest_98_4,21-01-23 10:50,21-01-23 10:51,21-01-23 10:52
ENROLL,tournTest_98_5,22-01-23 10:50,22-01-23 10:51,22-01-23 10:52
ENROLL,tournTest_98_6,23-01-23 10:50,23-01-23 10:51,23-01-23 10:52
ENROLL,tournTest_98_7,24-01-23 10:50,24-01-23 10:51,24-01-23 10:52
ENROLL,tournTest_98_8,25-01-23 10:50,25-01-23 10:51,25-01-23 10:52
ENROLL,tournTest_98_9,26-01-23 10:50,26-01-23 10:51,26-01-23 10:52
ENROLL,tournTest_98_10,27-01-23 10:50,27-01-23 10:51,27-01-23 10:52
ENROLL,tournTest_99_1,28-01-23 10:50,28-01-23 10:51,28-01-23 10:52
ENROLL,tournTest_99_2,29-01-23 10:50,29-01-23 10:51,29-01-23 10:52
ENROLL,tournTest_99_3,30-01-23 10:50,30-01-23 10:51,30-01-23 10:52
ENROLL,tournTest_99_4,31-01-23 10:50,31-01-23 10:51,31-01-23 10:52
ENROLL,tournTest_99_5,01-02-23 10:50,01-02-23 10:51,01-02-23 10:52
ENROLL,tournTest_99_6,02-02-23 10:50,02-02-23 10:51,02-02-23 10:52
ENROLL,tournTest_99_7,03-02-23 10:50,03-02-23 10:51,03-02-23 10:52
ENROLL,tournTest_99_8,04-02-23 10:50,04-02-23 10:51,04-02-23 10:52
ENROLL,tournTest_99_9,05-02-23 10:50,05-02-23 10:51,05-02-23 10:52
ENROLL,tournTest_99_10,06-02-23 10:50,06-02-23 10:51,06-02-23 10:52
ENROLL,tournTest_100_1,07-02-23 10:50,07-02-23 10:51,07-02-23 10:52
ENROLL,tournTest_100_2,08-02-23 10:50,08-02-23 10:51,08-02-23 10:52
ENROLL,tournTest_100_3,09-02-23 10:50,09-02-23 10:51,09-02-23 10:52
ENROLL,tournTest_100_4,10-02-23 10:50,10-02-23 10:51,10-02-23 10:52
ENROLL,tournTest_100_5,11-02-23 10:50,11-02-23 10:51,11-02-23 10:52
ENROLL,tournTest_100_6,12-02-23 10:50,12-02-23 10:51,12-02-23 10:52
ENROLL,tournTest_100_7,13-02-23 10:50,13-02-23 10:51,13-02-23 10:52
ENROLL,tournTest_100_8,14-02-23 10:50,14-02-23 10:51,14-02-23 10:52
ENROLL,tournTest_100_9,15-02-23 10:50,15-02-23 10:51,15-02-23 10:52
ENROLL,tournTest_100_10,16-02-23 10:50,16-02-23 10:51,16-02-23 10:52
